ID,Player,Team,Game,Date,Opposing Team,Position,Pre-Season Injury?,Winning Team?,Week of Injury,Season,Weeks Injured,Games Missed,Unknown Injury?,Reported Injury Type,Total Snaps,Play Time After Injury,Average Playtime Before Injury
Aldrick Robinson - Washington Redskins vs. Tampa Bay Buccaneers (30/9/2012),Aldrick Robinson,Washington Redskins,Washington Redskins vs. Tampa Bay Buccaneers (30/9/2012),30/09/2012,Tampa Bay Buccaneers,Wide Receiver,No,Yes,4,2012/2013,1,1,No,Head,0,14 downs,37.00 downs
D.J. Fluker - Tennessee Titans vs. San Diego Chargers (22/9/2013),D.J. Fluker,San Diego Chargers,Tennessee Titans vs. San Diego Chargers (22/9/2013),22/09/2013,Tennessee Titans,Offensive Tackle,No,No,3,2013/2014,1,1,No,Concussion,0,78 downs,73.50 downs
Marquise Goodwin - Houston Texans vs. Buffalo Bills (28/9/2014),Marquise Goodwin,Buffalo Bills,Houston Texans vs. Buffalo Bills (28/9/2014),28/09/2014,Houston Texans,Wide Receiver,No,No,4,2014/2015,1,1,No,Concussion,0,25 downs,17.50 downs
Bryan Stork - New England Patriots vs. Buffalo Bills (12/10/2014),Bryan Stork,New England Patriots,New England Patriots vs. Buffalo Bills (12/10/2014),12/10/2014,Buffalo Bills,Center,No,Yes,6,2014/2015,1,1,No,Head,0,82 downs,41.50 downs
Lorenzo Booker - Chicago Bears vs. Indianapolis Colts (9/9/2012),Lorenzo Booker,Chicago Bears,Chicago Bears vs. Indianapolis Colts (9/9/2012),9/09/2012,Indianapolis Colts,Running Back,Yes,Yes,1,2012/2013,0,,No,Head,0,Did not return from injury,
Austin Collie - Chicago Bears vs. Indianapolis Colts (9/9/2012),Austin Collie,Indianapolis Colts,Chicago Bears vs. Indianapolis Colts (9/9/2012),9/09/2012,Chicago Bears,Wide Receiver,Yes,No,1,2012/2013,0,,No,Head,0,,
Ramon Harewood - Houston Texans vs. Baltimore Ravens (21/10/2012),Ramon Harewood,Baltimore Ravens,Houston Texans vs. Baltimore Ravens (21/10/2012),21/10/2012,Houston Texans,Offensive Tackle,No,No,7,2012/2013,0,,Yes,Head,0,,
James Carpenter - Seattle Seahawks vs. Minnesota Vikings (4/11/2012),James Carpenter,Seattle Seahawks,Seattle Seahawks vs. Minnesota Vikings (4/11/2012),4/11/2012,Minnesota Vikings,Guard,No,Yes,9,2012/2013,0,,Yes,Illness,0,,
David Reed - Indianapolis Colts vs. Oakland Raiders (8/9/2013),David Reed,Indianapolis Colts,Indianapolis Colts vs. Oakland Raiders (8/9/2013),8/09/2013,Oakland Raiders,Wide Receiver,Yes,Yes,1,2013/2014,0,,No,Concussion,0,14 downs,
Brandon Ghee - Chicago Bears vs. Cincinnati Bengals (8/9/2013),Brandon Ghee,Cincinnati Bengals,Chicago Bears vs. Cincinnati Bengals (8/9/2013),8/09/2013,Chicago Bears,Comerback,Yes,No,1,2013/2014,0,,No,Concussion,0,37 downs,
Pat Angerer - Indianapolis Colts vs. Oakland Raiders (8/9/2013),Pat Angerer,Indianapolis Colts,Indianapolis Colts vs. Oakland Raiders (8/9/2013),8/09/2013,Oakland Raiders,Linebacker,Yes,Yes,1,2013/2014,0,,No,Concussion,0,,
Darryl Sharpton - Houston Texans vs. San Diego Chargers (9/9/2013),Darryl Sharpton,Houston Texans,Houston Texans vs. San Diego Chargers (9/9/2013),9/09/2013,San Diego Chargers,Linebacker,Yes,Yes,1,2013/2014,0,,No,Concussion,0,,
Demetri Goodson - Seattle Seahawks vs. Green Bay Packers (4/9/2014),Demetri Goodson,Green Bay Packers,Seattle Seahawks vs. Green Bay Packers (4/9/2014),4/09/2014,Seattle Seahawks,Comerback,Yes,No,1,2014/2015,0,,No,Concussion,0,2 downs,
James Wright - Cincinnati Bengals vs. Baltimore Ravens (7/9/2014),James Wright,Cincinnati Bengals,Cincinnati Bengals vs. Baltimore Ravens (7/9/2014),7/09/2014,Baltimore Ravens,Wide Receiver,Yes,Yes,1,2014/2015,0,,No,Concussion,0,,
Nick Roach - New York Jets vs. Oakland Raiders (7/9/2014),Nick Roach,Oakland Raiders,New York Jets vs. Oakland Raiders (7/9/2014),7/09/2014,New York Jets,Linebacker,Yes,No,1,2014/2015,0,,No,Concussion,0,,
Eric Martin - Pittsburgh Steelers vs. Cleveland Browns (7/9/2014),Eric Martin,Cleveland Browns,Pittsburgh Steelers vs. Cleveland Browns (7/9/2014),7/09/2014,Pittsburgh Steelers,Linebacker,Yes,No,1,2014/2015,0,,No,Concussion,0,,
Daniel Kilgore - San Francisco 49ers vs. Arizona Cardinals (29/10/2012),Daniel Kilgore,San Francisco 49ers,San Francisco 49ers vs. Arizona Cardinals (29/10/2012),29/10/2012,Arizona Cardinals,Guard,No,Yes,8,2012/2013,1,0,No,Concussion,1,8 downs,14.43 downs
Dennis Pitta - Baltimore Ravens vs. Pittsburgh Steelers (18/11/2012),Dennis Pitta,Baltimore Ravens,Baltimore Ravens vs. Pittsburgh Steelers (18/11/2012),18/11/2012,Pittsburgh Steelers,Tight End,No,Yes,11,2012/2013,1,0,No,Head,1,85 downs,46.44 downs
Shea McClellin - Houston Texans vs. Chicago Bears (11/11/2012),Shea McClellin,Chicago Bears,Houston Texans vs. Chicago Bears (11/11/2012),11/11/2012,Houston Texans,Defensive End,No,No,10,2012/2013,1,1,No,Concussion,1,27 downs,31.00 downs
Brent Celek - Philadelphia Eagles vs. Tampa Bay Buccaneers (9/12/2012),Brent Celek,Philadelphia Eagles,Philadelphia Eagles vs. Tampa Bay Buccaneers (9/12/2012),9/12/2012,Tampa Bay Buccaneers,Tight End,No,Yes,14,2012/2013,1,1,No,Concussion,1,64 downs,66.50 downs
Johnathan Franklin - Minnesota Vikings vs. Green Bay Packers (24/11/2013),Johnathan Franklin,Green Bay Packers,Minnesota Vikings vs. Green Bay Packers (24/11/2013),24/11/2013,Minnesota Vikings,Running Back,No,No,12,2013/2014,1,5,No,Concussion,1,Did not return from injury,13.90 downs
Dezmen Southward - Atlanta Falcons vs. New Orleans Saints (7/9/2014),Dezmen Southward,Atlanta Falcons,Atlanta Falcons vs. New Orleans Saints (7/9/2014),7/09/2014,New Orleans Saints,Safety,Yes,Yes,1,2014/2015,0,,No,Concussion,1,,
Jon Condo - San Diego Chargers vs. Oakland Raiders (10/9/2012),Jon Condo,Oakland Raiders,San Diego Chargers vs. Oakland Raiders (10/9/2012),10/09/2012,San Diego Chargers,Long Snapper,No,No,1,2012/2013,1,0,No,Concussion,2,12 downs,
Stephen Hill - Tennessee Titans vs. New York Jets (29/9/2013),Stephen Hill,New York Jets,Tennessee Titans vs. New York Jets (29/9/2013),29/09/2013,Tennessee Titans,Wide Receiver,No,No,4,2013/2014,1,0,No,Concussion,2,31 downs,69.67 downs
Joe Webb - Minnesota Vikings vs. Green Bay Packers (24/11/2013),Joe Webb,Minnesota Vikings,Minnesota Vikings vs. Green Bay Packers (24/11/2013),24/11/2013,Green Bay Packers,Wide Receiver,No,Yes,12,2013/2014,1,0,No,Concussion,2,6 downs,22.90 downs
Jeff Maehl - Philadelphia Eagles vs. Arizona Cardinals (1/12/2013),Jeff Maehl,Philadelphia Eagles,Philadelphia Eagles vs. Arizona Cardinals (1/12/2013),1/12/2013,Arizona Cardinals,Wide Receiver,No,Yes,13,2013/2014,1,0,No,Concussion,2,6 downs,14.18 downs
Steve Vallos - Denver Broncos vs. Houston Texans (22/12/2013),Steve Vallos,Denver Broncos,Denver Broncos vs. Houston Texans (22/12/2013),22/12/2013,Houston Texans,Center,No,Yes,16,2013/2014,1,1,No,Concussion,2,7 downs,8.14 downs
Dwight Lowery - Seattle Seahawks vs. Jacksonville Jaguars (22/9/2013),Dwight Lowery,Jacksonville Jaguars,Seattle Seahawks vs. Jacksonville Jaguars (22/9/2013),22/09/2013,Seattle Seahawks,Safety,No,No,3,2013/2014,1,13,No,Concussion,2,Did not return from injury,62.50 downs
Ryan Mathews - Oakland Raiders vs. San Diego Chargers (6/10/2013),Ryan Mathews,San Diego Chargers,Oakland Raiders vs. San Diego Chargers (6/10/2013),6/10/2013,Oakland Raiders,Running Back,No,No,5,2013/2014,1,0,No,Concussion,3,40 downs,25.25 downs
Darren Sproles - New York Jets vs. New Orleans Saints (3/11/2013),Darren Sproles,New Orleans Saints,New York Jets vs. New Orleans Saints (3/11/2013),3/11/2013,New York Jets,Running Back,No,No,9,2013/2014,1,0,No,Concussion,3,37 downs,31.88 downs
Joe Reitz - Indianapolis Colts vs. Detroit Lions (2/12/2012),Joe Reitz,Indianapolis Colts,Indianapolis Colts vs. Detroit Lions (2/12/2012),2/12/2012,Detroit Lions,Guard,No,Yes,13,2012/2013,1,1,No,Head,3,64 downs,66.20 downs
Theo Riddick - Green Bay Packers vs. Detroit Lions (6/10/2013),Theo Riddick,Detroit Lions,Green Bay Packers vs. Detroit Lions (6/10/2013),6/10/2013,Green Bay Packers,Running Back,No,No,5,2013/2014,1,2,No,Concussion,3,20 downs,22.50 downs
William Middleton - Houston Texans vs. Jacksonville Jaguars (18/11/2012),William Middleton,Jacksonville Jaguars,Houston Texans vs. Jacksonville Jaguars (18/11/2012),18/11/2012,Houston Texans,Comerback,No,No,11,2012/2013,1,6,No,Concussion,3,Did not return from injury,28.67 downs
Johnny White - New York Giants vs. Green Bay Packers (25/11/2012),Johnny White,Green Bay Packers,New York Giants vs. Green Bay Packers (25/11/2012),25/11/2012,New York Giants,Running Back,No,No,12,2012/2013,1,7,No,Concussion,3,Did not return from injury,12.33 downs
Edwin Baker - San Francisco 49ers vs. New Orleans Saints (9/11/2014),Edwin Baker,New Orleans Saints,San Francisco 49ers vs. New Orleans Saints (9/11/2014),9/11/2014,San Francisco 49ers,Running Back,No,No,10,2014/2015,1,0,No,Concussion,4,,
Andre Brown - New York Giants vs. Cleveland Browns (7/10/2012),Andre Brown,New York Giants,New York Giants vs. Cleveland Browns (7/10/2012),7/10/2012,Cleveland Browns,Running Back,No,Yes,5,2012/2013,1,1,No,Concussion,4,25 downs,36.25 downs
K.J. Wright - Seattle Seahawks vs. Minnesota Vikings (4/11/2012),K.J. Wright,Seattle Seahawks,Seattle Seahawks vs. Minnesota Vikings (4/11/2012),4/11/2012,Minnesota Vikings,Linebacker,No,Yes,9,2012/2013,1,1,No,Concussion,4,71 downs,73.75 downs
Reggie Walker - St. Louis Rams vs. Arizona Cardinals (4/10/2012),Reggie Walker,Arizona Cardinals,St. Louis Rams vs. Arizona Cardinals (4/10/2012),4/10/2012,St. Louis Rams,Linebacker,No,No,5,2012/2013,1,2,No,Head,4,20 downs,28.75 downs
Tracy Porter - Denver Broncos vs. Cleveland Browns (23/12/2012),Tracy Porter,Denver Broncos,Denver Broncos vs. Cleveland Browns (23/12/2012),23/12/2012,Cleveland Browns,Comerback,No,Yes,16,2012/2013,1,2,No,Concussion,4,Did not return from injury,63.80 downs
Laurent Robinson - Jacksonville Jaguars vs. Indianapolis Colts (23/9/2012),Laurent Robinson,Jacksonville Jaguars,Jacksonville Jaguars vs. Indianapolis Colts (23/9/2012),23/09/2012,Indianapolis Colts,Wide Receiver,No,Yes,3,2012/2013,1,0,No,Concussion,5,26 downs,56.00 downs
Omar Bolden - Denver Broncos vs. San Diego Chargers (18/11/2012),Omar Bolden,Denver Broncos,Denver Broncos vs. San Diego Chargers (18/11/2012),18/11/2012,San Diego Chargers,Comerback,No,Yes,11,2012/2013,1,0,No,Concussion,5,12 downs,22.67 downs
Isaac Redman - Baltimore Ravens vs. Pittsburgh Steelers (18/11/2012),Isaac Redman,Pittsburgh Steelers,Baltimore Ravens vs. Pittsburgh Steelers (18/11/2012),18/11/2012,Baltimore Ravens,Running Back,No,No,11,2012/2013,1,0,No,Concussion,5,5 downs,28.86 downs
Peyton Hillis - Seattle Seahawks vs. New York Giants (9/11/2014),Peyton Hillis,New York Giants,Seattle Seahawks vs. New York Giants (9/11/2014),9/11/2014,Seattle Seahawks,Running Back,No,No,10,2014/2015,1,0,No,Concussion,5,,23.75 downs
Domenik Hixon - New York Giants vs. Tampa Bay Buccaneers (16/9/2012),Domenik Hixon,New York Giants,New York Giants vs. Tampa Bay Buccaneers (16/9/2012),16/09/2012,Tampa Bay Buccaneers,Wide Receiver,No,Yes,2,2012/2013,1,1,No,Concussion,5,62 downs,29.00 downs
Eddie Lacy - Green Bay Packers vs. Washington Redskins (15/9/2013),Eddie Lacy,Green Bay Packers,Green Bay Packers vs. Washington Redskins (15/9/2013),15/09/2013,Washington Redskins,Running Back,No,Yes,2,2013/2014,1,1,No,Concussion,5,54 downs,41.00 downs
LaRon Byrd - St. Louis Rams vs. Arizona Cardinals (25/11/2012),LaRon Byrd,Arizona Cardinals,St. Louis Rams vs. Arizona Cardinals (25/11/2012),25/11/2012,St. Louis Rams,Wide Receiver,No,No,12,2012/2013,1,2,No,Head,5,20 downs,1.00 downs
Bernard Pierce - Denver Broncos vs. Baltimore Ravens (16/12/2012),Bernard Pierce,Baltimore Ravens,Denver Broncos vs. Baltimore Ravens (16/12/2012),16/12/2012,Denver Broncos,Running Back,No,No,15,2012/2013,1,0,No,Head,6,22 downs,12.69 downs
Dunta Robinson - Tampa Bay Buccaneers vs. Atlanta Falcons (30/12/2012),Dunta Robinson,Atlanta Falcons,Tampa Bay Buccaneers vs. Atlanta Falcons (30/12/2012),30/12/2012,Tampa Bay Buccaneers,Comerback,No,No,17,2012/2013,1,0,No,Head,6,63 downs,62.00 downs
Raymond Ventrone - Indianapolis Colts vs. San Francisco 49ers (22/9/2013),Raymond Ventrone,San Francisco 49ers,Indianapolis Colts vs. San Francisco 49ers (22/9/2013),22/09/2013,Indianapolis Colts,Safety,No,No,3,2013/2014,1,0,No,Concussion,6,25 downs,20.00 downs
Jermichael Finley - Cincinnati Bengals vs. Green Bay Packers (22/9/2013),Jermichael Finley,Green Bay Packers,Cincinnati Bengals vs. Green Bay Packers (22/9/2013),22/09/2013,Cincinnati Bengals,Tight End,No,No,3,2013/2014,1,0,No,Concussion,6,45 downs,51.00 downs
Nolan Carroll - Miami Dolphins vs. Cincinnati Bengals (31/10/2013),Nolan Carroll,Miami Dolphins,Miami Dolphins vs. Cincinnati Bengals (31/10/2013),31/10/2013,Cincinnati Bengals,Comerback,No,Yes,9,2013/2014,1,0,No,Concussion,6,73 downs,58.86 downs
Jermaine Kearse - Seattle Seahawks vs. Minnesota Vikings (17/11/2013),Jermaine Kearse,Seattle Seahawks,Seattle Seahawks vs. Minnesota Vikings (17/11/2013),17/11/2013,Minnesota Vikings,Linebacker,No,Yes,11,2013/2014,1,0,No,,6,64 downs,40.20 downs
Ellis Lankster - San Diego Chargers vs. New York Jets (23/12/2012),Ellis Lankster,New York Jets,San Diego Chargers vs. New York Jets (23/12/2012),23/12/2012,San Diego Chargers,Comerback,No,No,16,2012/2013,1,1,No,Concussion,6,Did not return from injury,41.14 downs
Billy Winn - Cincinnati Bengals vs. Cleveland Browns (16/9/2012),Billy Winn,Cleveland Browns,Cincinnati Bengals vs. Cleveland Browns (16/9/2012),16/09/2012,Cincinnati Bengals,Defensive Tackle,No,No,2,2012/2013,1,0,No,Head,7,56 downs,69.00 downs
Kyle Arrington - New England Patriots vs. St. Louis Rams (28/10/2012),Kyle Arrington,New England Patriots,New England Patriots vs. St. Louis Rams (28/10/2012),28/10/2012,St. Louis Rams,Comerback,No,Yes,8,2012/2013,1,0,No,Concussion,7,86 downs,74.29 downs
Ernie Sims - Dallas Cowboys vs. Pittsburgh Steelers (16/12/2012),Ernie Sims,Dallas Cowboys,Dallas Cowboys vs. Pittsburgh Steelers (16/12/2012),16/12/2012,Pittsburgh Steelers,Linebacker,No,Yes,15,2012/2013,1,0,No,Concussion,7,20 downs,54.43 downs
Justin Bethel - Arizona Cardinals vs. Jacksonville Jaguars (17/11/2013),Justin Bethel,Arizona Cardinals,Arizona Cardinals vs. Jacksonville Jaguars (17/11/2013),17/11/2013,Jacksonville Jaguars,Comerback,No,Yes,11,2013/2014,1,0,No,Concussion,7,17 downs,21.22 downs
Antoine Caldwell - Green Bay Packers vs. Houston Texans (14/10/2012),Antoine Caldwell,Houston Texans,Green Bay Packers vs. Houston Texans (14/10/2012),14/10/2012,Green Bay Packers,Guard,No,No,6,2012/2013,1,0,No,Concussion,8,48 downs,48.00 downs
Craig Stevens - Tennessee Titans vs. Oakland Raiders (24/11/2013),Craig Stevens,Tennessee Titans,Tennessee Titans vs. Oakland Raiders (24/11/2013),24/11/2013,Oakland Raiders,Tight End,No,Yes,12,2013/2014,1,1,No,Concussion,8,15 downs,43.90 downs
Dre Kirkpatrick - Cincinnati Bengals vs. San Diego Chargers (2/12/2012),Dre Kirkpatrick,Cincinnati Bengals,Cincinnati Bengals vs. San Diego Chargers (2/12/2012),2/12/2012,San Diego Chargers,Comerback,No,Yes,13,2012/2013,1,4,No,Head,8,Did not return from injury,21.50 downs
Bernard Pierce - Cincinnati Bengals vs. Baltimore Ravens (7/9/2014),Bernard Pierce,Baltimore Ravens,Cincinnati Bengals vs. Baltimore Ravens (7/9/2014),7/09/2014,Cincinnati Bengals,Running Back,Yes,No,1,2014/2015,0,,No,Concussion,8,,
Adrian Robinson - Pittsburgh Steelers vs. Cincinnati Bengals (21/10/2012),Adrian Robinson,Pittsburgh Steelers,Pittsburgh Steelers vs. Cincinnati Bengals (21/10/2012),21/10/2012,Cincinnati Bengals,Linebacker,No,Yes,7,2012/2013,1,0,No,Concussion,9,7 downs,3.00 downs
Rashean Mathis - Detroit Lions vs. Chicago Bears (29/9/2013),Rashean Mathis,Detroit Lions,Detroit Lions vs. Chicago Bears (29/9/2013),29/09/2013,Chicago Bears,Comerback,No,Yes,4,2013/2014,1,0,No,Head,9,68 downs,49.67 downs
Nick Kasa - New York Jets vs. Oakland Raiders (8/12/2013),Nick Kasa,Oakland Raiders,New York Jets vs. Oakland Raiders (8/12/2013),8/12/2013,New York Jets,Tight End,No,No,14,2013/2014,1,0,No,Concussion,9,11 downs,7.42 downs
Terron Armstead - Dallas Cowboys vs. New Orleans Saints (28/9/2014),Terron Armstead,New Orleans Saints,Dallas Cowboys vs. New Orleans Saints (28/9/2014),28/09/2014,Dallas Cowboys,Offensive Tackle,No,No,4,2014/2015,1,0,No,Concussion,9,89 downs,76.33 downs
Christopher Conte - Carolina Panthers vs. Chicago Bears (5/10/2014),Christopher Conte,Chicago Bears,Carolina Panthers vs. Chicago Bears (5/10/2014),5/10/2014,Carolina Panthers,Safety,No,No,5,2014/2015,1,0,No,Concussion,9,26 downs,42.00 downs
Michael Hoomanawanui - New England Patriots vs. Buffalo Bills (30/9/2012),Michael Hoomanawanui,New England Patriots,New England Patriots vs. Buffalo Bills (30/9/2012),30/09/2012,Buffalo Bills,Tight End,No,Yes,4,2012/2013,1,2,No,Concussion,9,20 downs,17.67 downs
Terrell Manning - San Francisco 49ers vs. Green Bay Packers (9/9/2012),Terrell Manning,Green Bay Packers,San Francisco 49ers vs. Green Bay Packers (9/9/2012),9/09/2012,San Francisco 49ers,Linebacker,No,No,1,2012/2013,1,5,No,Concussion,9,7 downs,
Josh Bush - New York Jets vs. Buffalo Bills (9/9/2012),Josh Bush,New York Jets,New York Jets vs. Buffalo Bills (9/9/2012),9/09/2012,Buffalo Bills,Safety,Yes,Yes,1,2012/2013,0,,No,Concussion,9,,
Phillip Adams - Oakland Raiders vs. Kansas City Chiefs (16/12/2012),Phillip Adams,Oakland Raiders,Oakland Raiders vs. Kansas City Chiefs (16/12/2012),16/12/2012,Kansas City Chiefs,Comerback,No,Yes,15,2012/2013,1,0,No,Concussion,10,25 downs,23.77 downs
Gino Gradkowski - Baltimore Ravens vs. Denver Broncos (12/1/2013),Gino Gradkowski,Baltimore Ravens,Baltimore Ravens vs. Denver Broncos (12/1/2013),12/01/2013,Denver Broncos,Guard,No,Yes,19,2012/2013,1,0,No,Head,10,5 downs,11.71 downs
Johnathan Joseph - Philadelphia Eagles vs. Houston Texans (2/11/2014),Johnathan Joseph,Houston Texans,Philadelphia Eagles vs. Houston Texans (2/11/2014),2/11/2014,Philadelphia Eagles,Comerback,No,No,9,2014/2015,1,0,No,Concussion,10,,55.88 downs
Devin Hester - Chicago Bears vs. Minnesota Vikings (25/11/2012),Devin Hester,Chicago Bears,Chicago Bears vs. Minnesota Vikings (25/11/2012),25/11/2012,Minnesota Vikings,Wide Receiver,No,Yes,12,2012/2013,1,1,No,Concussion,10,61 downs,36.70 downs
Johnson Bademosi - Cleveland Browns vs. Tampa Bay Buccaneers (2/11/2014),Johnson Bademosi,Cleveland Browns,Cleveland Browns vs. Tampa Bay Buccaneers (2/11/2014),2/11/2014,Tampa Bay Buccaneers,Comerback,No,Yes,9,2014/2015,1,1,No,Concussion,10,,33.85 downs
Kevin Rutland - Jacksonville Jaguars vs. Indianapolis Colts (23/9/2012),Kevin Rutland,Jacksonville Jaguars,Jacksonville Jaguars vs. Indianapolis Colts (23/9/2012),23/09/2012,Indianapolis Colts,Comerback,No,Yes,3,2012/2013,1,2,No,Concussion,10,6 downs,19.50 downs
Joshua Cribbs - Baltimore Ravens vs. Cleveland Browns (27/9/2012),Joshua Cribbs,Cleveland Browns,Baltimore Ravens vs. Cleveland Browns (27/9/2012),27/09/2012,Baltimore Ravens,Wide Receiver,No,No,4,2012/2013,1,0,No,Head,11,27 downs,23.67 downs
Nate Eachus - Oakland Raiders vs. Kansas City Chiefs (28/10/2012),Nate Eachus,Kansas City Chiefs,Oakland Raiders vs. Kansas City Chiefs (28/10/2012),28/10/2012,Oakland Raiders,Running Back,No,No,8,2012/2013,1,1,No,Head,11,32 downs,28.50 downs
Delanie Walker - Indianapolis Colts vs. Tennessee Titans (1/12/2013),Delanie Walker,Tennessee Titans,Indianapolis Colts vs. Tennessee Titans (1/12/2013),1/12/2013,Indianapolis Colts,Tight End,No,No,13,2013/2014,1,1,No,Concussion,11,77 downs,54.55 downs
Brady Quinn - Oakland Raiders vs. Kansas City Chiefs (28/10/2012),Brady Quinn,Kansas City Chiefs,Oakland Raiders vs. Kansas City Chiefs (28/10/2012),28/10/2012,Oakland Raiders,Quarterback,No,No,8,2012/2013,1,2,No,Head,11,30 downs,39.00 downs
Joe Reitz - Indianapolis Colts vs. Houston Texans (15/12/2013),Joe Reitz,Indianapolis Colts,Indianapolis Colts vs. Houston Texans (15/12/2013),15/12/2013,Houston Texans,Guard,No,Yes,15,2013/2014,1,3,No,Concussion,11,Did not return from injury,15.17 downs
Dre Kirkpatrick - Chicago Bears vs. Cincinnati Bengals (8/9/2013),Dre Kirkpatrick,Cincinnati Bengals,Chicago Bears vs. Cincinnati Bengals (8/9/2013),8/09/2013,Chicago Bears,Comerback,Yes,No,1,2013/2014,0,,No,Concussion,11,,
Mike Tolbert - Carolina Panthers vs. Washington Redskins (4/11/2012),Mike Tolbert,Carolina Panthers,Carolina Panthers vs. Washington Redskins (4/11/2012),4/11/2012,Washington Redskins,Full Back,No,Yes,9,2012/2013,1,0,No,Head,12,22 downs,33.00 downs
Peyton Hillis - Seattle Seahawks vs. New York Giants (15/12/2013),Peyton Hillis,New York Giants,Seattle Seahawks vs. New York Giants (15/12/2013),15/12/2013,Seattle Seahawks,Running Back,No,No,15,2013/2014,1,1,No,Concussion,12,41 downs,25.25 downs
Corey Brown - Green Bay Packers vs. Carolina Panthers (19/10/2014),Corey Brown,Carolina Panthers,Green Bay Packers vs. Carolina Panthers (19/10/2014),19/10/2014,Green Bay Packers,Wide Receiver,No,No,7,2014/2015,1,3,No,Concussion,12,,24.67 downs
Stephen Williams - Seattle Seahawks vs. Carolina Panthers (8/9/2013),Stephen Williams,Seattle Seahawks,Seattle Seahawks vs. Carolina Panthers (8/9/2013),8/09/2013,Carolina Panthers,Wide Receiver,Yes,Yes,1,2013/2014,0,,No,Concussion,12,,
Bilal Powell - Seattle Seahawks vs. New York Jets (11/11/2012),Bilal Powell,New York Jets,Seattle Seahawks vs. New York Jets (11/11/2012),11/11/2012,Seattle Seahawks,Running Back,No,No,10,2012/2013,1,0,No,Concussion,13,28 downs,31.00 downs
Anthony Allen - Baltimore Ravens vs. Denver Broncos (12/1/2013),Anthony Allen,Baltimore Ravens,Baltimore Ravens vs. Denver Broncos (12/1/2013),12/01/2013,Denver Broncos,Running Back,No,Yes,19,2012/2013,1,0,No,Head,13,16 downs,24.35 downs
Kyle Wilson - Pittsburgh Steelers vs. New York Jets (13/10/2013),Kyle Wilson,New York Jets,Pittsburgh Steelers vs. New York Jets (13/10/2013),13/10/2013,Pittsburgh Steelers,Comerback,No,No,6,2013/2014,1,0,No,Concussion,13,70 downs,54.00 downs
Omar Bolden - New England Patriots vs. Denver Broncos (24/11/2013),Omar Bolden,Denver Broncos,New England Patriots vs. Denver Broncos (24/11/2013),24/11/2013,New England Patriots,Safety,No,No,12,2013/2014,1,0,No,Concussion,13,25 downs,22.20 downs
Chris Prosinski - Jacksonville Jaguars vs. Houston Texans (5/12/2013),Chris Prosinski,Jacksonville Jaguars,Jacksonville Jaguars vs. Houston Texans (5/12/2013),5/12/2013,Houston Texans,Safety,No,Yes,14,2013/2014,1,0,No,Concussion,13,82 downs,0.00 downs
Joseph Randle - Dallas Cowboys vs. Tennessee Titans (14/9/2014),Joseph Randle,Dallas Cowboys,Dallas Cowboys vs. Tennessee Titans (14/9/2014),14/09/2014,Tennessee Titans,Running Back,No,Yes,2,2014/2015,1,0,No,Concussion,13,9 downs,3.00 downs
John Sullivan - Buffalo Bills vs. Minnesota Vikings (19/10/2014),John Sullivan,Minnesota Vikings,Buffalo Bills vs. Minnesota Vikings (19/10/2014),19/10/2014,Buffalo Bills,Center,No,No,7,2014/2015,1,0,No,Concussion,13,74 downs,62.57 downs
A.J. Jenkins - Tennessee Titans vs. Kansas City Chiefs (7/9/2014),A.J. Jenkins,Kansas City Chiefs,Tennessee Titans vs. Kansas City Chiefs (7/9/2014),7/09/2014,Tennessee Titans,Wide Receiver,Yes,No,1,2014/2015,0,,No,Concussion,13,,
Montell Owens - Jacksonville Jaguars vs. Indianapolis Colts (23/9/2012),Montell Owens,Jacksonville Jaguars,Jacksonville Jaguars vs. Indianapolis Colts (23/9/2012),23/09/2012,Indianapolis Colts,Running Back,No,Yes,3,2012/2013,1,0,No,Concussion,14,18 downs,32.50 downs
William Powell - St. Louis Rams vs. Arizona Cardinals (4/10/2012),William Powell,Arizona Cardinals,St. Louis Rams vs. Arizona Cardinals (4/10/2012),4/10/2012,St. Louis Rams,Running Back,No,No,5,2012/2013,1,0,No,Head,14,35 downs,40.00 downs
Phillip Adams - Cleveland Browns vs. Oakland Raiders (2/12/2012),Phillip Adams,Oakland Raiders,Cleveland Browns vs. Oakland Raiders (2/12/2012),2/12/2012,Cleveland Browns,Comerback,No,No,13,2012/2013,1,0,No,Concussion,14,61 downs,21.27 downs
Mychal Rivera - Tennessee Titans vs. Oakland Raiders (24/11/2013),Mychal Rivera,Oakland Raiders,Tennessee Titans vs. Oakland Raiders (24/11/2013),24/11/2013,Tennessee Titans,Tight End,No,No,12,2013/2014,1,0,No,Concussion,14,42 downs,51.50 downs
Brodrick Bunkley - Detroit Lions vs. New Orleans Saints (19/10/2014),Brodrick Bunkley,New Orleans Saints,Detroit Lions vs. New Orleans Saints (19/10/2014),19/10/2014,Detroit Lions,Defensive Tackle,No,No,7,2014/2015,1,0,No,Concussion,14,24 downs,27.50 downs
Lamin Barrow - Denver Broncos vs. San Diego Chargers (23/10/2014),Lamin Barrow,Denver Broncos,Denver Broncos vs. San Diego Chargers (23/10/2014),23/10/2014,San Diego Chargers,Linebacker,No,Yes,8,2014/2015,1,0,No,Concussion,14,30 downs,28.50 downs
Rey Maualuga - Cincinnati Bengals vs. New York Jets (27/10/2013),Rey Maualuga,Cincinnati Bengals,Cincinnati Bengals vs. New York Jets (27/10/2013),27/10/2013,New York Jets,Linebacker,No,Yes,8,2013/2014,1,1,No,Concussion,14,,53.00 downs
James Harrison - Pittsburgh Steelers vs. Cincinnati Bengals (15/12/2013),James Harrison,Cincinnati Bengals,Pittsburgh Steelers vs. Cincinnati Bengals (15/12/2013),15/12/2013,Pittsburgh Steelers,Linebacker,No,No,15,2013/2014,1,1,No,Concussion,14,27 downs,30.77 downs
Jeff Linkenbach - Indianapolis Colts vs. Miami Dolphins (4/11/2012),Jeff Linkenbach,Indianapolis Colts,Indianapolis Colts vs. Miami Dolphins (4/11/2012),4/11/2012,Miami Dolphins,Offensive Tackle,No,Yes,9,2012/2013,0,,Yes,Head,14,,
Martin Tevaseu - Indianapolis Colts vs. Buffalo Bills (25/11/2012),Martin Tevaseu,Indianapolis Colts,Indianapolis Colts vs. Buffalo Bills (25/11/2012),25/11/2012,Buffalo Bills,Defensive Tackle,No,Yes,12,2012/2013,1,0,No,Head,15,24 downs,14.00 downs
Ramon Foster - Oakland Raiders vs. Pittsburgh Steelers (27/10/2013),Ramon Foster,Pittsburgh Steelers,Oakland Raiders vs. Pittsburgh Steelers (27/10/2013),27/10/2013,Oakland Raiders,Guard,No,No,8,2013/2014,1,0,No,Concussion,15,80 downs,58.00 downs
Virgil Green - Seattle Seahawks vs. Denver Broncos (21/9/2014),Virgil Green,Denver Broncos,Seattle Seahawks vs. Denver Broncos (21/9/2014),21/09/2014,Seattle Seahawks,Tight End,No,No,3,2014/2015,1,0,No,,15,23 downs,42.50 downs
David Amerson - Arizona Cardinals vs. Washington Redskins (12/10/2014),David Amerson,Washington Redskins,Arizona Cardinals vs. Washington Redskins (12/10/2014),12/10/2014,Arizona Cardinals,Comerback,No,No,6,2014/2015,1,0,No,Concussion,15,59 downs,73.40 downs
Christopher Owens - Atlanta Falcons vs. Denver Broncos (17/9/2012),Christopher Owens,Atlanta Falcons,Atlanta Falcons vs. Denver Broncos (17/9/2012),17/09/2012,Denver Broncos,Comerback,No,Yes,2,2012/2013,1,2,No,Head,15,21 downs,32.00 downs
Richard Goodman - San Diego Chargers vs. Oakland Raiders (10/9/2012),Richard Goodman,San Diego Chargers,San Diego Chargers vs. Oakland Raiders (10/9/2012),10/09/2012,Oakland Raiders,Wide Receiver,No,Yes,1,2012/2013,1,0,No,Concussion,16,20 downs,
Justin Hunter - Indianapolis Colts vs. Tennessee Titans (14/11/2013),Justin Hunter,Tennessee Titans,Indianapolis Colts vs. Tennessee Titans (14/11/2013),14/11/2013,Indianapolis Colts,Wide Receiver,No,No,11,2013/2014,1,0,No,Concussion,16,39 downs,17.13 downs
Daren Bates - St. Louis Rams vs. Chicago Bears (24/11/2013),Daren Bates,St. Louis Rams,St. Louis Rams vs. Chicago Bears (24/11/2013),24/11/2013,Chicago Bears,Linebacker,No,Yes,12,2013/2014,1,1,No,Concussion,16,17 downs,19.60 downs
Jeron Johnson - Seattle Seahawks vs. Carolina Panthers (26/10/2014),Jeron Johnson,Seattle Seahawks,Seattle Seahawks vs. Carolina Panthers (26/10/2014),26/10/2014,Carolina Panthers,Safety,No,Yes,8,2014/2015,1,1,No,Concussion,16,75 downs,23.67 downs
Will Rackley - San Francisco 49ers vs. Jacksonville Jaguars (27/10/2013),Will Rackley,Jacksonville Jaguars,San Francisco 49ers vs. Jacksonville Jaguars (27/10/2013),27/10/2013,San Francisco 49ers,Guard,No,No,8,2013/2014,1,2,No,Concussion,16,72 downs,62.86 downs
Bryan Walters - St. Louis Rams vs. Seattle Seahawks (19/10/2014),Bryan Walters,Seattle Seahawks,St. Louis Rams vs. Seattle Seahawks (19/10/2014),19/10/2014,St. Louis Rams,Wide Receiver,No,No,7,2014/2015,1,2,No,Concussion,16,10 downs,16.67 downs
Rashad Jennings - Buffalo Bills vs. Jacksonville Jaguars (2/12/2012),Rashad Jennings,Jacksonville Jaguars,Buffalo Bills vs. Jacksonville Jaguars (2/12/2012),2/12/2012,Buffalo Bills,Running Back,No,No,13,2012/2013,1,4,No,Concussion,16,Did not return from injury,38.33 downs
Coye Francies - Miami Dolphins vs. Oakland Raiders (16/9/2012),Coye Francies,Oakland Raiders,Miami Dolphins vs. Oakland Raiders (16/9/2012),16/09/2012,Miami Dolphins,Comerback,No,No,2,2012/2013,1,0,No,Concussion,17,16 downs,
Keith Brooking - New England Patriots vs. Denver Broncos (7/10/2012),Keith Brooking,Denver Broncos,New England Patriots vs. Denver Broncos (7/10/2012),7/10/2012,New England Patriots,Linebacker,No,No,5,2012/2013,1,0,No,Concussion,17,37 downs,33.50 downs
Jeff Allen - San Diego Chargers vs. Kansas City Chiefs (1/11/2012),Jeff Allen,Kansas City Chiefs,San Diego Chargers vs. Kansas City Chiefs (1/11/2012),1/11/2012,San Diego Chargers,Guard,No,No,9,2012/2013,1,0,No,Head,17,68 downs,50.71 downs
Matt Giordano - Cleveland Browns vs. Oakland Raiders (2/12/2012),Matt Giordano,Oakland Raiders,Cleveland Browns vs. Oakland Raiders (2/12/2012),2/12/2012,Cleveland Browns,Safety,No,No,13,2012/2013,1,0,No,Concussion,17,87 downs,61.36 downs
Vernon Davis - Seattle Seahawks vs. San Francisco 49ers (23/12/2012),Vernon Davis,San Francisco 49ers,Seattle Seahawks vs. San Francisco 49ers (23/12/2012),23/12/2012,Seattle Seahawks,Tight End,No,No,16,2012/2013,1,0,No,Concussion,17,60 downs,60.07 downs
Chris Ogbonnaya - Cleveland Browns vs. Buffalo Bills (3/10/2013),Chris Ogbonnaya,Cleveland Browns,Cleveland Browns vs. Buffalo Bills (3/10/2013),3/10/2013,Buffalo Bills,Running Back,No,Yes,5,2013/2014,1,0,No,Concussion,17,55 downs,52.75 downs
Andre Fluellen - Cincinnati Bengals vs. Detroit Lions (20/10/2013),Andre Fluellen,Detroit Lions,Cincinnati Bengals vs. Detroit Lions (20/10/2013),20/10/2013,Cincinnati Bengals,Defensive Tackle,No,No,7,2013/2014,1,0,No,Concussion,17,19 downs,16.33 downs
Nate Irving - Houston Texans vs. Denver Broncos (23/9/2012),Nate Irving,Denver Broncos,Houston Texans vs. Denver Broncos (23/9/2012),23/09/2012,Houston Texans,Linebacker,No,No,3,2012/2013,1,1,No,Concussion,17,24 downs,21.50 downs
Garrett Graham - Houston Texans vs. Tennessee Titans (2/12/2012),Garrett Graham,Houston Texans,Houston Texans vs. Tennessee Titans (2/12/2012),2/12/2012,Tennessee Titans,Tight End,No,Yes,13,2012/2013,1,1,No,Concussion,17,46 downs,50.27 downs
Jabari Greer - New Orleans Saints vs. Dallas Cowboys (23/12/2012),Jabari Greer,New Orleans Saints,New Orleans Saints vs. Dallas Cowboys (23/12/2012),23/12/2012,Dallas Cowboys,Comerback,No,Yes,16,2012/2013,1,1,No,Concussion,17,Did not return from injury,61.85 downs
Josh Thomas - Buffalo Bills vs. Carolina Panthers (15/9/2013),Josh Thomas,Carolina Panthers,Buffalo Bills vs. Carolina Panthers (15/9/2013),15/09/2013,Buffalo Bills,Comerback,No,No,2,2013/2014,1,1,No,Concussion,17,65 downs,71.00 downs
Dan Connolly - New England Patriots vs. New Orleans Saints (13/10/2013),Dan Connolly,New England Patriots,New England Patriots vs. New Orleans Saints (13/10/2013),13/10/2013,New Orleans Saints,Guard,No,Yes,6,2013/2014,1,1,No,Concussion,17,80 downs,74.80 downs
Jordan Cameron - Cleveland Browns vs. Oakland Raiders (26/10/2014),Jordan Cameron,Cleveland Browns,Cleveland Browns vs. Oakland Raiders (26/10/2014),26/10/2014,Oakland Raiders,Tight End,No,Yes,8,2014/2015,1,2,No,Concussion,17,,54.00 downs
Kevin Boss - Buffalo Bills vs. Kansas City Chiefs (16/9/2012),Kevin Boss,Kansas City Chiefs,Buffalo Bills vs. Kansas City Chiefs (16/9/2012),16/09/2012,Buffalo Bills,Tight End,No,No,2,2012/2013,1,14,No,Head,17,Did not return from injury,37.00 downs
Luke Joeckel - Miami Dolphins vs. Jacksonville Jaguars (26/10/2014),Luke Joeckel,Jacksonville Jaguars,Miami Dolphins vs. Jacksonville Jaguars (26/10/2014),26/10/2014,Miami Dolphins,Offensive Tackle,No,No,8,2014/2015,1,0,No,Concussion,18,66 downs,68.14 downs
Daniel Thomas - Houston Texans vs. Miami Dolphins (9/9/2012),Daniel Thomas,Miami Dolphins,Houston Texans vs. Miami Dolphins (9/9/2012),9/09/2012,Houston Texans,Running Back,No,No,1,2012/2013,1,1,No,Concussion,18,61 downs,
Usama Young - Cleveland Browns vs. Pittsburgh Steelers (25/11/2012),Usama Young,Cleveland Browns,Cleveland Browns vs. Pittsburgh Steelers (25/11/2012),25/11/2012,Pittsburgh Steelers,Safety,No,Yes,12,2012/2013,1,1,No,Head,18,28 downs,56.22 downs
Da'Quan Bowers - Tampa Bay Buccaneers vs. Miami Dolphins (11/11/2013),Da'Quan Bowers,Tampa Bay Buccaneers,Tampa Bay Buccaneers vs. Miami Dolphins (11/11/2013),11/11/2013,Miami Dolphins,Defensive End,No,Yes,10,2013/2014,1,1,No,Concussion,18,19 downs,18.50 downs
Thomas DeCoud - Green Bay Packers vs. Atlanta Falcons (8/12/2013),Thomas DeCoud,Atlanta Falcons,Green Bay Packers vs. Atlanta Falcons (8/12/2013),8/12/2013,Green Bay Packers,Safety,No,No,14,2013/2014,1,1,No,Concussion,18,66 downs,77.58 downs
Josh Norman - Carolina Panthers vs. Chicago Bears (5/10/2014),Josh Norman,Carolina Panthers,Carolina Panthers vs. Chicago Bears (5/10/2014),5/10/2014,Chicago Bears,Comerback,No,Yes,5,2014/2015,1,2,No,Concussion,18,71 downs,32.00 downs
Phillip Gaines - San Francisco 49ers vs. Kansas City Chiefs (5/10/2014),Phillip Gaines,Kansas City Chiefs,San Francisco 49ers vs. Kansas City Chiefs (5/10/2014),5/10/2014,San Francisco 49ers,Comerback,No,No,5,2014/2015,1,0,No,Concussion,19,49 downs,14.25 downs
Percy Harvin - Seattle Seahawks vs. New Orleans Saints (11/1/2014),Percy Harvin,Seattle Seahawks,Seattle Seahawks vs. New Orleans Saints (11/1/2014),11/01/2014,New Orleans Saints,Wide Receiver,No,Yes,19,2013/2014,1,1,No,Concussion,19,31 downs,21.00 downs
Marcus Gilbert - Pittsburgh Steelers vs. Houston Texans (20/10/2014),Marcus Gilbert,Pittsburgh Steelers,Pittsburgh Steelers vs. Houston Texans (20/10/2014),20/10/2014,Houston Texans,Offensive Tackle,No,Yes,7,2014/2015,1,1,No,Concussion,19,75 downs,66.71 downs
Early Doucet - Seattle Seahawks vs. Arizona Cardinals (9/12/2012),Early Doucet,Arizona Cardinals,Seattle Seahawks vs. Arizona Cardinals (9/12/2012),9/12/2012,Seattle Seahawks,Wide Receiver,No,No,14,2012/2013,1,3,No,Concussion,19,Did not return from injury,43.36 downs
Colin Jones - Carolina Panthers vs. Philadelphia Eagles (26/11/2012),Colin Jones,Carolina Panthers,Carolina Panthers vs. Philadelphia Eagles (26/11/2012),26/11/2012,Philadelphia Eagles,Safety,No,Yes,12,2012/2013,0,,Yes,Head,19,,
Dexter McCluster - Denver Broncos vs. Kansas City Chiefs (25/11/2012),Dexter McCluster,Kansas City Chiefs,Denver Broncos vs. Kansas City Chiefs (25/11/2012),25/11/2012,Denver Broncos,Wide Receiver,No,No,12,2012/2013,1,0,No,Head,20,24 downs,40.00 downs
Craig Steltz - Chicago Bears vs. Baltimore Ravens (17/11/2013),Craig Steltz,Chicago Bears,Chicago Bears vs. Baltimore Ravens (17/11/2013),17/11/2013,Baltimore Ravens,Safety,No,Yes,11,2013/2014,1,0,No,Concussion,20,16 downs,19.88 downs
LaMar Miller - Miami Dolphins vs. Pittsburgh Steelers (8/12/2013),LaMar Miller,Miami Dolphins,Miami Dolphins vs. Pittsburgh Steelers (8/12/2013),8/12/2013,Pittsburgh Steelers,Running Back,No,Yes,14,2013/2014,1,0,No,Concussion,20,38 downs,40.92 downs
Duke Ihenacho - Denver Broncos vs. Oakland Raiders (29/12/2013),Duke Ihenacho,Denver Broncos,Denver Broncos vs. Oakland Raiders (29/12/2013),29/12/2013,Oakland Raiders,Safety,No,Yes,17,2013/2014,1,0,No,Concussion,20,45 downs,56.79 downs
Brandon Flowers - Kansas City Chiefs vs. San Diego Chargers (19/10/2014),Brandon Flowers,San Diego Chargers,Kansas City Chiefs vs. San Diego Chargers (19/10/2014),19/10/2014,Kansas City Chiefs,Comerback,No,No,7,2014/2015,1,1,No,Concussion,20,59 downs,54.00 downs
Cody Davis - Kansas City Chiefs vs. St. Louis Rams (26/10/2014),Cody Davis,St. Louis Rams,Kansas City Chiefs vs. St. Louis Rams (26/10/2014),26/10/2014,Kansas City Chiefs,Safety,No,No,8,2014/2015,1,1,No,Concussion,20,22 downs,21.00 downs
Earl Bennett - Seattle Seahawks vs. Chicago Bears (2/12/2012),Earl Bennett,Chicago Bears,Seattle Seahawks vs. Chicago Bears (2/12/2012),2/12/2012,Seattle Seahawks,Wide Receiver,No,No,13,2012/2013,1,2,No,Concussion,20,31 downs,40.89 downs
Michael Vick - Dallas Cowboys vs. Philadelphia Eagles (11/11/2012),Michael Vick,Philadelphia Eagles,Dallas Cowboys vs. Philadelphia Eagles (11/11/2012),11/11/2012,Dallas Cowboys,Quarterback,No,No,10,2012/2013,1,6,No,Concussion,20,60 downs,73.38 downs
David Amerson - Dallas Cowboys vs. Washington Redskins (13/10/2013),David Amerson,Washington Redskins,Dallas Cowboys vs. Washington Redskins (13/10/2013),13/10/2013,Dallas Cowboys,Comerback,No,No,6,2013/2014,1,0,No,Concussion,21,32 downs,65.00 downs
Dwayne Gratz - San Diego Chargers vs. Jacksonville Jaguars (28/9/2014),Dwayne Gratz,Jacksonville Jaguars,San Diego Chargers vs. Jacksonville Jaguars (28/9/2014),28/09/2014,San Diego Chargers,Comerback,No,No,4,2014/2015,1,1,No,Concussion,21,28 downs,84.67 downs
Ben Tate - Houston Texans vs. Miami Dolphins (9/9/2012),Ben Tate,Houston Texans,Houston Texans vs. Miami Dolphins (9/9/2012),9/09/2012,Miami Dolphins,Running Back,Yes,Yes,1,2012/2013,0,,No,Head,21,,
Vernon Davis - Carolina Panthers vs. San Francisco 49ers (10/11/2013),Vernon Davis,San Francisco 49ers,Carolina Panthers vs. San Francisco 49ers (10/11/2013),10/11/2013,Carolina Panthers,Tight End,No,No,10,2013/2014,1,0,No,Concussion,22,56 downs,46.50 downs
Eugene Sims - St. Louis Rams vs. Seattle Seahawks (30/9/2012),Eugene Sims,St. Louis Rams,St. Louis Rams vs. Seattle Seahawks (30/9/2012),30/09/2012,Seattle Seahawks,Defensive End,No,Yes,4,2012/2013,1,1,No,Head,22,36 downs,49.33 downs
John Carlson - Minnesota Vikings vs. Arizona Cardinals (21/10/2012),John Carlson,Minnesota Vikings,Minnesota Vikings vs. Arizona Cardinals (21/10/2012),21/10/2012,Arizona Cardinals,Tight End,No,Yes,7,2012/2013,1,2,No,Concussion,22,12 downs,22.83 downs
Donald Brown - San Diego Chargers vs. New York Jets (5/10/2014),Donald Brown,San Diego Chargers,San Diego Chargers vs. New York Jets (5/10/2014),5/10/2014,New York Jets,Linebacker,No,Yes,5,2014/2015,1,3,No,Concussion,22,20 downs,43.75 downs
Stephen Burton - Jacksonville Jaguars vs. Tennessee Titans (10/11/2013),Stephen Burton,Jacksonville Jaguars,Jacksonville Jaguars vs. Tennessee Titans (10/11/2013),10/11/2013,Tennessee Titans,Wide Receiver,No,Yes,10,2013/2014,1,7,No,Concussion,22,Did not return from injury,45.33 downs
Julian Edelman - New England Patriots vs. New York Jets (22/11/2012),Julian Edelman,New England Patriots,New England Patriots vs. New York Jets (22/11/2012),22/11/2012,New York Jets,Wide Receiver,No,Yes,12,2012/2013,1,0,No,Concussion,23,59 downs,41.00 downs
Jason Snelling - New York Jets vs. Atlanta Falcons (7/10/2013),Jason Snelling,Atlanta Falcons,New York Jets vs. Atlanta Falcons (7/10/2013),7/10/2013,New York Jets,Running Back,No,No,5,2013/2014,1,0,No,Concussion,23,28 downs,34.00 downs
Vontaze Burfict - Cincinnati Bengals vs. Baltimore Ravens (7/9/2014),Vontaze Burfict,Cincinnati Bengals,Cincinnati Bengals vs. Baltimore Ravens (7/9/2014),7/09/2014,Baltimore Ravens,Linebacker,No,Yes,1,2014/2015,1,0,No,Concussion,23,32 downs,
Reed Doughty - Washington Redskins vs. Chicago Bears (20/10/2013),Reed Doughty,Washington Redskins,Washington Redskins vs. Chicago Bears (20/10/2013),20/10/2013,Chicago Bears,Safety,No,Yes,7,2013/2014,1,1,No,Concussion,23,29 downs,46.50 downs
Willis McGahee - New England Patriots vs. Cleveland Browns (8/12/2013),Willis McGahee,Cleveland Browns,New England Patriots vs. Cleveland Browns (8/12/2013),8/12/2013,New England Patriots,Running Back,No,No,14,2013/2014,1,1,No,Concussion,23,2 downs,24.00 downs
Matt Conrath - San Francisco 49ers vs. St. Louis Rams (26/9/2013),Matt Conrath,St. Louis Rams,San Francisco 49ers vs. St. Louis Rams (26/9/2013),26/09/2013,San Francisco 49ers,Defensive Tackle,No,No,4,2013/2014,1,5,No,Concussion,23,23 downs,20.00 downs
Alex Smith - St. Louis Rams vs. San Francisco 49ers (11/11/2012),Alex Smith,San Francisco 49ers,St. Louis Rams vs. San Francisco 49ers (11/11/2012),11/11/2012,St. Louis Rams,Quarterback,No,No,10,2012/2013,1,6,No,Concussion,23,6 downs,56.88 downs
Darcel McBath - San Francisco 49ers vs. New Orleans Saints (25/11/2012),Darcel McBath,San Francisco 49ers,San Francisco 49ers vs. New Orleans Saints (25/11/2012),25/11/2012,New Orleans Saints,Safety,No,Yes,12,2012/2013,1,0,No,Concussion,24,20 downs,21.00 downs
Zac Stacy - St. Louis Rams vs. Chicago Bears (24/11/2013),Zac Stacy,St. Louis Rams,St. Louis Rams vs. Chicago Bears (24/11/2013),24/11/2013,Chicago Bears,Running Back,No,Yes,12,2013/2014,1,0,No,Concussion,24,55 downs,36.63 downs
Reed Doughty - New York Giants vs. Washington Redskins (1/12/2013),Reed Doughty,Washington Redskins,New York Giants vs. Washington Redskins (1/12/2013),1/12/2013,New York Giants,Safety,No,No,13,2013/2014,1,0,No,Concussion,24,57 downs,48.80 downs
William Gholston - Tampa Bay Buccaneers vs. Buffalo Bills (8/12/2013),William Gholston,Tampa Bay Buccaneers,Tampa Bay Buccaneers vs. Buffalo Bills (8/12/2013),8/12/2013,Buffalo Bills,Defensive End,No,Yes,14,2013/2014,1,0,No,Head,24,42 downs,21.50 downs
Chris Culliver - San Francisco 49ers vs. Dallas Cowboys (7/9/2014),Chris Culliver,San Francisco 49ers,San Francisco 49ers vs. Dallas Cowboys (7/9/2014),7/09/2014,Dallas Cowboys,Comerback,No,Yes,1,2014/2015,1,0,No,Concussion,24,59 downs,24.00 downs
Charlie Peprah - Dallas Cowboys vs. Cleveland Browns (18/11/2012),Charlie Peprah,Dallas Cowboys,Dallas Cowboys vs. Cleveland Browns (18/11/2012),18/11/2012,Cleveland Browns,Safety,No,Yes,11,2012/2013,1,0,No,Concussion,25,32 downs,55.00 downs
Matthew Slater - New England Patriots vs. New York Jets (22/11/2012),Matthew Slater,New England Patriots,New England Patriots vs. New York Jets (22/11/2012),22/11/2012,New York Jets,Wide Receiver,No,Yes,12,2012/2013,1,0,No,Concussion,25,20 downs,18.70 downs
Will Tukuafu - San Francisco 49ers vs. New England Patriots (16/12/2012),Will Tukuafu,San Francisco 49ers,San Francisco 49ers vs. New England Patriots (16/12/2012),16/12/2012,New England Patriots,Defensive Tackle,No,Yes,15,2012/2013,1,0,No,Concussion,25,13 downs,22.50 downs
Brandon Meriweather - Green Bay Packers vs. Washington Redskins (15/9/2013),Brandon Meriweather,Washington Redskins,Green Bay Packers vs. Washington Redskins (15/9/2013),15/09/2013,Green Bay Packers,Safety,No,No,2,2013/2014,1,0,No,Concussion,25,72 downs,
Darrell Stuckey - San Diego Chargers vs. Kansas City Chiefs (24/11/2013),Darrell Stuckey,San Diego Chargers,San Diego Chargers vs. Kansas City Chiefs (24/11/2013),24/11/2013,Kansas City Chiefs,Safety,No,Yes,12,2013/2014,1,0,No,Concussion,25,19 downs,21.20 downs
Niles Paul - New York Giants vs. Washington Redskins (25/9/2014),Niles Paul,Washington Redskins,New York Giants vs. Washington Redskins (25/9/2014),25/09/2014,New York Giants,Tight End,No,No,4,2014/2015,1,0,No,Concussion,25,48 downs,62.00 downs
Christian Ponder - Minnesota Vikings vs. Chicago Bears (1/12/2013),Christian Ponder,Minnesota Vikings,Minnesota Vikings vs. Chicago Bears (1/12/2013),1/12/2013,Chicago Bears,Quarterback,No,Yes,13,2013/2014,1,4,No,Concussion,25,Did not return from injury,60.75 downs
Sean Considine - Baltimore Ravens vs. Cincinnati Bengals (10/9/2012),Sean Considine,Baltimore Ravens,Baltimore Ravens vs. Cincinnati Bengals (10/9/2012),10/09/2012,Cincinnati Bengals,Safety,Yes,Yes,1,2012/2013,0,,No,Head,25,,
Mike Brisiel - Atlanta Falcons vs. Oakland Raiders (14/10/2012),Mike Brisiel,Oakland Raiders,Atlanta Falcons vs. Oakland Raiders (14/10/2012),14/10/2012,Atlanta Falcons,Guard,No,No,6,2012/2013,1,0,No,Concussion,26,85 downs,65.50 downs
Brian Cushing - Seattle Seahawks vs. Houston Texans (29/9/2013),Brian Cushing,Houston Texans,Seattle Seahawks vs. Houston Texans (29/9/2013),29/09/2013,Seattle Seahawks,Linebacker,No,No,4,2013/2014,1,0,No,Concussion,26,50 downs,66.00 downs
Johnny Patrick - Miami Dolphins vs. San Diego Chargers (17/11/2013),Johnny Patrick,San Diego Chargers,Miami Dolphins vs. San Diego Chargers (17/11/2013),17/11/2013,Miami Dolphins,Comerback,No,No,11,2013/2014,1,0,No,Concussion,26,43 downs,51.00 downs
Jay Cutler - Houston Texans vs. Chicago Bears (11/11/2012),Jay Cutler,Chicago Bears,Houston Texans vs. Chicago Bears (11/11/2012),11/11/2012,Houston Texans,Quarterback,No,No,10,2012/2013,1,1,No,Concussion,26,73 downs,63.50 downs
Mason Foster - Tampa Bay Buccaneers vs. Atlanta Falcons (17/11/2013),Mason Foster,Tampa Bay Buccaneers,Tampa Bay Buccaneers vs. Atlanta Falcons (17/11/2013),17/11/2013,Atlanta Falcons,Linebacker,No,Yes,11,2013/2014,1,1,No,Concussion,26,60 downs,56.33 downs
Bill Bentley - New York Giants vs. Detroit Lions (22/12/2013),Bill Bentley,Detroit Lions,New York Giants vs. Detroit Lions (22/12/2013),22/12/2013,New York Giants,Comerback,No,No,16,2013/2014,1,1,No,Concussion,26,Did not return from injury,47.92 downs
Jacquizz Rodgers - San Francisco 49ers vs. Atlanta Falcons (23/12/2013),Jacquizz Rodgers,Atlanta Falcons,San Francisco 49ers vs. Atlanta Falcons (23/12/2013),23/12/2013,San Francisco 49ers,Running Back,No,No,16,2013/2014,1,1,No,Concussion,26,Did not return from injury,40.00 downs
Joique Bell - Detroit Lions vs. New York Jets (28/9/2014),Joique Bell,Detroit Lions,Detroit Lions vs. New York Jets (28/9/2014),28/09/2014,New York Jets,Running Back,No,Yes,4,2014/2015,1,2,No,Concussion,26,46 downs,38.00 downs
Laurent Robinson - Cincinnati Bengals vs. Jacksonville Jaguars (30/9/2012),Laurent Robinson,Jacksonville Jaguars,Cincinnati Bengals vs. Jacksonville Jaguars (30/9/2012),30/09/2012,Cincinnati Bengals,Wide Receiver,No,No,4,2012/2013,1,3,No,Concussion,26,45 downs,39.00 downs
Ezekial Ansah - Detroit Lions vs. Minnesota Vikings (8/9/2013),Ezekial Ansah,Detroit Lions,Detroit Lions vs. Minnesota Vikings (8/9/2013),8/09/2013,Minnesota Vikings,Defensive End,Yes,Yes,1,2013/2014,0,,No,Concussion,26,,
Mike Mitchell - Cleveland Browns vs. Oakland Raiders (2/12/2012),Mike Mitchell,Oakland Raiders,Cleveland Browns vs. Oakland Raiders (2/12/2012),2/12/2012,Cleveland Browns,Safety,No,No,13,2012/2013,1,0,No,Concussion,27,49 downs,32.00 downs
Chris Williams - St. Louis Rams vs. Chicago Bears (24/11/2013),Chris Williams,St. Louis Rams,St. Louis Rams vs. Chicago Bears (24/11/2013),24/11/2013,Chicago Bears,Guard,No,Yes,12,2013/2014,1,0,No,Concussion,27,72 downs,62.60 downs
Darrius Heyward-Bey - Oakland Raiders vs. Pittsburgh Steelers (23/9/2012),Darrius Heyward-Bey,Oakland Raiders,Oakland Raiders vs. Pittsburgh Steelers (23/9/2012),23/09/2012,Pittsburgh Steelers,Wide Receiver,No,Yes,3,2012/2013,1,1,No,Concussion,27,50 downs,56.50 downs
Ryan Griffin - Arizona Cardinals vs. Houston Texans (10/11/2013),Ryan Griffin,Houston Texans,Arizona Cardinals vs. Houston Texans (10/11/2013),10/11/2013,Arizona Cardinals,Tight End,No,No,10,2013/2014,1,1,No,Concussion,27,33 downs,28.50 downs
Dan Connolly - New England Patriots vs. Buffalo Bills (12/10/2014),Dan Connolly,New England Patriots,New England Patriots vs. Buffalo Bills (12/10/2014),12/10/2014,Buffalo Bills,Guard,No,Yes,6,2014/2015,1,1,No,Concussion,27,71 downs,72.80 downs
Luke Stocker - New Orleans Saints vs. Tampa Bay Buccaneers (16/12/2012),Luke Stocker,Tampa Bay Buccaneers,New Orleans Saints vs. Tampa Bay Buccaneers (16/12/2012),16/12/2012,New Orleans Saints,Tight End,No,No,15,2012/2013,1,0,No,Head,28,45 downs,38.15 downs
Patrick Peterson - Arizona Cardinals vs. Philadelphia Eagles (26/10/2014),Patrick Peterson,Arizona Cardinals,Arizona Cardinals vs. Philadelphia Eagles (26/10/2014),26/10/2014,Philadelphia Eagles,Comerback,No,Yes,8,2014/2015,1,0,No,Concussion,28,68 downs,66.33 downs
Deonte Thompson - Buffalo Bills vs. Baltimore Ravens (29/9/2013),Deonte Thompson,Baltimore Ravens,Buffalo Bills vs. Baltimore Ravens (29/9/2013),29/09/2013,Buffalo Bills,Wide Receiver,No,No,4,2013/2014,1,0,No,Concussion,29,54 downs,
T.J. Lang - Chicago Bears vs. Green Bay Packers (4/11/2013),T.J. Lang,Green Bay Packers,Chicago Bears vs. Green Bay Packers (4/11/2013),4/11/2013,Chicago Bears,Guard,No,No,9,2013/2014,1,0,No,Concussion,29,84 downs,77.00 downs
Delanie Walker - Baltimore Ravens vs. Tennessee Titans (9/11/2014),Delanie Walker,Tennessee Titans,Baltimore Ravens vs. Tennessee Titans (9/11/2014),9/11/2014,Baltimore Ravens,Tight End,No,No,10,2014/2015,1,0,No,Concussion,29,,
Fletcher Cox - Washington Redskins vs. Philadelphia Eagles (23/12/2012),Fletcher Cox,Philadelphia Eagles,Washington Redskins vs. Philadelphia Eagles (23/12/2012),23/12/2012,Washington Redskins,Defensive Tackle,No,No,16,2012/2013,1,1,No,Concussion,29,Did not return from injury,41.57 downs
George Selvie - Buffalo Bills vs. Jacksonville Jaguars (2/12/2012),George Selvie,Jacksonville Jaguars,Buffalo Bills vs. Jacksonville Jaguars (2/12/2012),2/12/2012,Buffalo Bills,Defensive End,No,No,13,2012/2013,1,2,No,Concussion,29,30 downs,33.17 downs
Johnny Patrick - Houston Texans vs. San Diego Chargers (9/9/2013),Johnny Patrick,San Diego Chargers,Houston Texans vs. San Diego Chargers (9/9/2013),9/09/2013,Houston Texans,Comerback,Yes,No,1,2013/2014,0,,No,Concussion,29,,
Jason Hatcher - Washington Redskins vs. Dallas Cowboys (22/11/2012),Jason Hatcher,Dallas Cowboys,Washington Redskins vs. Dallas Cowboys (22/11/2012),22/11/2012,Washington Redskins,Defensive Tackle,No,No,12,2012/2013,1,0,No,Concussion,30,54 downs,46.00 downs
Keith Tandy - Atlanta Falcons vs. Tampa Bay Buccaneers (20/10/2013),Keith Tandy,Tampa Bay Buccaneers,Atlanta Falcons vs. Tampa Bay Buccaneers (20/10/2013),20/10/2013,Atlanta Falcons,Safety,No,No,7,2013/2014,1,0,No,Concussion,30,43 downs,18.20 downs
Kamar Aiken - Baltimore Ravens vs. Tampa Bay Buccaneers (12/10/2014),Kamar Aiken,Baltimore Ravens,Baltimore Ravens vs. Tampa Bay Buccaneers (12/10/2014),12/10/2014,Tampa Bay Buccaneers,Wide Receiver,No,Yes,6,2014/2015,1,0,No,Concussion,30,33 downs,18.40 downs
Kevin Ogletree - Dallas Cowboys vs. Cleveland Browns (18/11/2012),Kevin Ogletree,Dallas Cowboys,Dallas Cowboys vs. Cleveland Browns (18/11/2012),18/11/2012,Cleveland Browns,Wide Receiver,No,Yes,11,2012/2013,1,1,No,Concussion,30,21 downs,34.56 downs
Jeff Cumberland - Cincinnati Bengals vs. New York Jets (27/10/2013),Jeff Cumberland,New York Jets,Cincinnati Bengals vs. New York Jets (27/10/2013),27/10/2013,Cincinnati Bengals,Tight End,No,No,8,2013/2014,1,1,No,Concussion,30,51 downs,44.71 downs
Clyde Gates - New England Patriots vs. New York Jets (22/11/2012),Clyde Gates,New York Jets,New England Patriots vs. New York Jets (22/11/2012),22/11/2012,New England Patriots,Wide Receiver,No,No,12,2012/2013,1,2,No,Concussion,30,17 downs,22.14 downs
Jordan Cameron - Washington Redskins vs. Cleveland Browns (16/12/2012),Jordan Cameron,Cleveland Browns,Washington Redskins vs. Cleveland Browns (16/12/2012),16/12/2012,Washington Redskins,Tight End,No,No,15,2012/2013,1,2,No,Head,30,Did not return from injury,29.77 downs
Alex Smith - Cincinnati Bengals vs. Cleveland Browns (16/9/2012),Alex Smith,Cleveland Browns,Cincinnati Bengals vs. Cleveland Browns (16/9/2012),16/09/2012,Cincinnati Bengals,Tight End,No,No,2,2012/2013,1,3,No,Head,30,14 downs,43.00 downs
Melvin White - Carolina Panthers vs. Minnesota Vikings (13/10/2013),Melvin White,Carolina Panthers,Carolina Panthers vs. Minnesota Vikings (13/10/2013),13/10/2013,Minnesota Vikings,Comerback,No,Yes,6,2013/2014,1,0,No,Concussion,31,58 downs,28.50 downs
Eddie Lacy - Seattle Seahawks vs. Green Bay Packers (4/9/2014),Eddie Lacy,Green Bay Packers,Seattle Seahawks vs. Green Bay Packers (4/9/2014),4/09/2014,Seattle Seahawks,Running Back,No,No,1,2014/2015,1,0,No,Concussion,31,55 downs,31.00 downs
Tony Scheffler - Green Bay Packers vs. Detroit Lions (6/10/2013),Tony Scheffler,Detroit Lions,Green Bay Packers vs. Detroit Lions (6/10/2013),6/10/2013,Green Bay Packers,Tight End,No,No,5,2013/2014,1,11,No,Concussion,31,Did not return from injury,16.25 downs
Kendall Wright - Houston Texans vs. Tennessee Titans (15/9/2013),Kendall Wright,Tennessee Titans,Houston Texans vs. Tennessee Titans (15/9/2013),15/09/2013,Houston Texans,Wide Receiver,No,No,2,2013/2014,1,0,No,Concussion,32,45 downs,19.00 downs
Chris Harris - Denver Broncos vs. Dallas Cowboys (6/10/2013),Chris Harris,Denver Broncos,Denver Broncos vs. Dallas Cowboys (6/10/2013),6/10/2013,Dallas Cowboys,Comerback,No,Yes,5,2013/2014,1,0,No,Concussion,32,68 downs,71.00 downs
Asa Jackson - Baltimore Ravens vs. Pittsburgh Steelers (11/9/2014),Asa Jackson,Baltimore Ravens,Baltimore Ravens vs. Pittsburgh Steelers (11/9/2014),11/09/2014,Pittsburgh Steelers,Comerback,No,Yes,2,2014/2015,1,0,No,Concussion,32,71 downs,57.00 downs
Devery Henderson - Washington Redskins vs. New Orleans Saints (9/9/2012),Devery Henderson,New Orleans Saints,Washington Redskins vs. New Orleans Saints (9/9/2012),9/09/2012,Washington Redskins,Wide Receiver,No,No,1,2012/2013,1,1,No,Concussion,32,51 downs,
Winston Justice - Chicago Bears vs. Indianapolis Colts (9/9/2012),Winston Justice,Indianapolis Colts,Chicago Bears vs. Indianapolis Colts (9/9/2012),9/09/2012,Chicago Bears,Offensive Tackle,No,No,1,2012/2013,1,1,No,Head,32,84 downs,
Isa Abdul-Quddus - San Francisco 49ers vs. New Orleans Saints (25/11/2012),Isa Abdul-Quddus,New Orleans Saints,San Francisco 49ers vs. New Orleans Saints (25/11/2012),25/11/2012,San Francisco 49ers,Safety,No,No,12,2012/2013,1,1,No,Concussion,32,86 downs,45.70 downs
Tyler Polumbus - Washington Redskins vs. Cleveland Browns (16/12/2012),Tyler Polumbus,Washington Redskins,Washington Redskins vs. Cleveland Browns (16/12/2012),16/12/2012,Cleveland Browns,Offensive Tackle,No,Yes,15,2012/2013,1,1,No,Head,32,62 downs,64.77 downs
Kenny Vaccaro - New Orleans Saints vs. Dallas Cowboys (10/11/2013),Kenny Vaccaro,New Orleans Saints,New Orleans Saints vs. Dallas Cowboys (10/11/2013),10/11/2013,Dallas Cowboys,Safety,No,Yes,10,2013/2014,1,1,No,Concussion,32,68 downs,66.75 downs
Phil Taylor - New York Jets vs. Cleveland Browns (22/12/2013),Phil Taylor,Cleveland Browns,New York Jets vs. Cleveland Browns (22/12/2013),22/12/2013,New York Jets,Offensive Tackle,No,No,16,2013/2014,1,1,No,Concussion,32,Did not return from injury,41.86 downs
Vontaze Burfict - Cincinnati Bengals vs. Atlanta Falcons (14/9/2014),Vontaze Burfict,Cincinnati Bengals,Cincinnati Bengals vs. Atlanta Falcons (14/9/2014),14/09/2014,Atlanta Falcons,Linebacker,No,Yes,2,2014/2015,1,2,No,Concussion,32,80 downs,23.00 downs
Ryan Clark - Pittsburgh Steelers vs. Washington Redskins (28/10/2012),Ryan Clark,Pittsburgh Steelers,Pittsburgh Steelers vs. Washington Redskins (28/10/2012),28/10/2012,Washington Redskins,Safety,No,Yes,8,2012/2013,1,0,No,Concussion,33,58 downs,63.40 downs
Coty Sensabaugh - Kansas City Chiefs vs. Tennessee Titans (6/10/2013),Coty Sensabaugh,Tennessee Titans,Kansas City Chiefs vs. Tennessee Titans (6/10/2013),6/10/2013,Kansas City Chiefs,Comerback,No,No,5,2013/2014,1,0,No,Concussion,33,45 downs,48.00 downs
Brandon Boykin - Minnesota Vikings vs. Philadelphia Eagles (15/12/2013),Brandon Boykin,Philadelphia Eagles,Minnesota Vikings vs. Philadelphia Eagles (15/12/2013),15/12/2013,Minnesota Vikings,Comerback,No,No,15,2013/2014,1,0,No,Concussion,33,53 downs,58.85 downs
Wallace Gilberry - Cincinnati Bengals vs. Baltimore Ravens (29/12/2013),Wallace Gilberry,Cincinnati Bengals,Cincinnati Bengals vs. Baltimore Ravens (29/12/2013),29/12/2013,Baltimore Ravens,Defensive End,No,Yes,17,2013/2014,1,0,No,Concussion,33,33 downs,36.13 downs
O'Brien Schofield - Seattle Seahawks vs. Oakland Raiders (2/11/2014),O'Brien Schofield,Seattle Seahawks,Seattle Seahawks vs. Oakland Raiders (2/11/2014),2/11/2014,Oakland Raiders,Defensive End,No,Yes,9,2014/2015,1,0,No,Head,33,35 downs,33.89 downs
Daniel Thomas - Miami Dolphins vs. Cincinnati Bengals (7/10/2012),Daniel Thomas,Miami Dolphins,Miami Dolphins vs. Cincinnati Bengals (7/10/2012),7/10/2012,Cincinnati Bengals,Running Back,No,Yes,5,2012/2013,1,1,No,Concussion,33,49 downs,36.33 downs
Jerel Worthy - Green Bay Packers vs. Jacksonville Jaguars (28/10/2012),Jerel Worthy,Green Bay Packers,Green Bay Packers vs. Jacksonville Jaguars (28/10/2012),28/10/2012,Jacksonville Jaguars,Defensive End,No,Yes,8,2012/2013,1,1,No,Concussion,33,22 downs,53.86 downs
Uche Nwaneri - New England Patriots vs. Jacksonville Jaguars (23/12/2012),Uche Nwaneri,Jacksonville Jaguars,New England Patriots vs. Jacksonville Jaguars (23/12/2012),23/12/2012,New England Patriots,Guard,No,No,16,2012/2013,1,1,No,Concussion,33,Did not return from injury,66.79 downs
Benjamin Watson - New Orleans Saints vs. Dallas Cowboys (10/11/2013),Benjamin Watson,New Orleans Saints,New Orleans Saints vs. Dallas Cowboys (10/11/2013),10/11/2013,Dallas Cowboys,Tight End,No,Yes,10,2013/2014,1,1,No,Concussion,33,27 downs,40.63 downs
Devin McCourty - New England Patriots vs. Baltimore Ravens (22/12/2013),Devin McCourty,New England Patriots,New England Patriots vs. Baltimore Ravens (22/12/2013),22/12/2013,Baltimore Ravens,Safety,No,Yes,16,2013/2014,1,1,No,Concussion,33,78 downs,84.07 downs
Jordan Reed - Philadelphia Eagles vs. Washington Redskins (17/11/2013),Jordan Reed,Washington Redskins,Philadelphia Eagles vs. Washington Redskins (17/11/2013),17/11/2013,Philadelphia Eagles,Tight End,No,No,11,2013/2014,1,6,No,Concussion,33,Did not return from injury,48.14 downs
Tiquan Underwood - Tampa Bay Buccaneers vs. Carolina Panthers (18/11/2012),Tiquan Underwood,Tampa Bay Buccaneers,Tampa Bay Buccaneers vs. Carolina Panthers (18/11/2012),18/11/2012,Carolina Panthers,Wide Receiver,No,Yes,11,2012/2013,1,0,No,Head,34,29 downs,25.86 downs
Terence Newman - Cincinnati Bengals vs. Kansas City Chiefs (18/11/2012),Terence Newman,Cincinnati Bengals,Cincinnati Bengals vs. Kansas City Chiefs (18/11/2012),18/11/2012,Kansas City Chiefs,Comerback,No,Yes,11,2012/2013,1,0,No,Head,34,63 downs,62.00 downs
Donnie Avery - New England Patriots vs. Indianapolis Colts (18/11/2012),Donnie Avery,Indianapolis Colts,New England Patriots vs. Indianapolis Colts (18/11/2012),18/11/2012,New England Patriots,Wide Receiver,No,No,11,2012/2013,1,0,No,Head,34,71 downs,66.44 downs
Roy Miller - Denver Broncos vs. Tampa Bay Buccaneers (2/12/2012),Roy Miller,Tampa Bay Buccaneers,Denver Broncos vs. Tampa Bay Buccaneers (2/12/2012),2/12/2012,Denver Broncos,Defensive Tackle,No,No,13,2012/2013,1,1,No,Head,34,29 downs,40.73 downs
Sheldon Brown - Denver Broncos vs. Cleveland Browns (23/12/2012),Sheldon Brown,Cleveland Browns,Denver Broncos vs. Cleveland Browns (23/12/2012),23/12/2012,Denver Broncos,Comerback,No,No,16,2012/2013,1,1,No,Head,34,Did not return from injury,61.21 downs
George Iloka - Cincinnati Bengals vs. Indianapolis Colts (8/12/2013),George Iloka,Cincinnati Bengals,Cincinnati Bengals vs. Indianapolis Colts (8/12/2013),8/12/2013,Indianapolis Colts,Safety,No,Yes,14,2013/2014,1,0,No,Concussion,35,63 downs,70.00 downs
Jason Campbell - Pittsburgh Steelers vs. Cleveland Browns (24/11/2013),Jason Campbell,Cleveland Browns,Pittsburgh Steelers vs. Cleveland Browns (24/11/2013),24/11/2013,Pittsburgh Steelers,Quarterback,No,No,12,2013/2014,1,1,No,Concussion,35,74 downs,51.25 downs
Robert Griffin III - Atlanta Falcons vs. Washington Redskins (7/10/2012),Robert Griffin III,Washington Redskins,Atlanta Falcons vs. Washington Redskins (7/10/2012),7/10/2012,Atlanta Falcons,Quarterback,No,No,5,2012/2013,1,0,No,Head,36,58 downs,71.00 downs
Torrey Smith - Denver Broncos vs. Baltimore Ravens (16/12/2012),Torrey Smith,Baltimore Ravens,Denver Broncos vs. Baltimore Ravens (16/12/2012),16/12/2012,Denver Broncos,Wide Receiver,No,No,15,2012/2013,1,0,No,Head,36,75 downs,60.92 downs
Jay Ratliff - Chicago Bears vs. San Francisco 49ers (14/9/2014),Jay Ratliff,Chicago Bears,Chicago Bears vs. San Francisco 49ers (14/9/2014),14/09/2014,San Francisco 49ers,Defensive Tackle,No,Yes,2,2014/2015,1,3,No,Concussion,36,41 downs,55.00 downs
Will Johnson - Pittsburgh Steelers vs. Baltimore Ravens (2/12/2012),Will Johnson,Pittsburgh Steelers,Pittsburgh Steelers vs. Baltimore Ravens (2/12/2012),2/12/2012,Baltimore Ravens,Full Back,No,Yes,13,2012/2013,1,0,No,Concussion,37,20 downs,34.27 downs
Jake Long - San Francisco 49ers vs. St. Louis Rams (1/12/2013),Jake Long,St. Louis Rams,San Francisco 49ers vs. St. Louis Rams (1/12/2013),1/12/2013,San Francisco 49ers,Offensive Tackle,No,No,13,2013/2014,1,0,No,Concussion,37,56 downs,67.00 downs
Jon Baldwin - Pittsburgh Steelers vs. Kansas City Chiefs (12/11/2012),Jon Baldwin,Kansas City Chiefs,Pittsburgh Steelers vs. Kansas City Chiefs (12/11/2012),12/11/2012,Pittsburgh Steelers,Wide Receiver,No,No,10,2012/2013,1,1,No,Head,37,26 downs,39.00 downs
Morris Claiborne - Dallas Cowboys vs. Cincinnati Bengals (9/12/2012),Morris Claiborne,Dallas Cowboys,Dallas Cowboys vs. Cincinnati Bengals (9/12/2012),9/12/2012,Cincinnati Bengals,Comerback,No,Yes,14,2012/2013,1,1,No,Concussion,37,93 downs,58.50 downs
Joe Reitz - Indianapolis Colts vs. Houston Texans (30/12/2012),Joe Reitz,Indianapolis Colts,Indianapolis Colts vs. Houston Texans (30/12/2012),30/12/2012,Houston Texans,Guard,No,Yes,17,2012/2013,1,1,No,Concussion,37,Did not return from injury,58.63 downs
Johnathan Cyprien - Philadelphia Eagles vs. Jacksonville Jaguars (7/9/2014),Johnathan Cyprien,Jacksonville Jaguars,Philadelphia Eagles vs. Jacksonville Jaguars (7/9/2014),7/09/2014,Philadelphia Eagles,Safety,No,No,1,2014/2015,1,1,No,Concussion,37,78 downs,37.00 downs
Omar Bolden - Denver Broncos vs. San Francisco 49ers (19/10/2014),Omar Bolden,Denver Broncos,Denver Broncos vs. San Francisco 49ers (19/10/2014),19/10/2014,San Francisco 49ers,Comerback,No,Yes,7,2014/2015,1,1,No,Concussion,37,17 downs,24.33 downs
Anthony Fasano - Denver Broncos vs. Kansas City Chiefs (1/12/2013),Anthony Fasano,Kansas City Chiefs,Denver Broncos vs. Kansas City Chiefs (1/12/2013),1/12/2013,Denver Broncos,Tight End,No,No,13,2013/2014,1,2,No,Concussion,37,53 downs,59.86 downs
Eric Reid - Seattle Seahawks vs. San Francisco 49ers (15/9/2013),Eric Reid,San Francisco 49ers,Seattle Seahawks vs. San Francisco 49ers (15/9/2013),15/09/2013,Seattle Seahawks,Safety,No,No,2,2013/2014,1,0,No,Concussion,38,77 downs,67.00 downs
Jerrell Freeman - San Diego Chargers vs. Indianapolis Colts (14/10/2013),Jerrell Freeman,Indianapolis Colts,San Diego Chargers vs. Indianapolis Colts (14/10/2013),14/10/2013,San Diego Chargers,Linebacker,No,No,6,2013/2014,1,0,No,Concussion,38,78 downs,56.80 downs
Corey Liuget - San Diego Chargers vs. Jacksonville Jaguars (28/9/2014),Corey Liuget,San Diego Chargers,San Diego Chargers vs. Jacksonville Jaguars (28/9/2014),28/09/2014,Jacksonville Jaguars,Defensive End,No,Yes,4,2014/2015,1,0,No,Concussion,38,27 downs,46.67 downs
Bill Bentley - Detroit Lions vs. St. Louis Rams (9/9/2012),Bill Bentley,Detroit Lions,Detroit Lions vs. St. Louis Rams (9/9/2012),9/09/2012,St. Louis Rams,Comerback,No,Yes,1,2012/2013,1,1,No,Concussion,38,60 downs,
Eric Fisher - Kansas City Chiefs vs. New York Giants (29/9/2013),Eric Fisher,Kansas City Chiefs,Kansas City Chiefs vs. New York Giants (29/9/2013),29/09/2013,New York Giants,Offensive Tackle,No,Yes,4,2013/2014,1,1,No,Concussion,38,67 downs,75.33 downs
Phil Loadholt - Dallas Cowboys vs. Minnesota Vikings (3/11/2013),Phil Loadholt,Minnesota Vikings,Dallas Cowboys vs. Minnesota Vikings (3/11/2013),3/11/2013,Dallas Cowboys,Offensive Tackle,No,No,9,2013/2014,1,1,No,Concussion,38,78 downs,65.86 downs
Alex Green - Green Bay Packers vs. Chicago Bears (16/12/2012),Alex Green,Green Bay Packers,Green Bay Packers vs. Chicago Bears (16/12/2012),16/12/2012,Chicago Bears,Running Back,No,Yes,15,2012/2013,1,2,No,Concussion,38,1 downs,29.55 downs
John Abraham - Arizona Cardinals vs. San Diego Chargers (8/9/2014),John Abraham,Arizona Cardinals,Arizona Cardinals vs. San Diego Chargers (8/9/2014),8/09/2014,San Diego Chargers,Linebacker,No,Yes,1,2014/2015,1,8,No,Concussion,38,,
John Carlson - Baltimore Ravens vs. Minnesota Vikings (8/12/2013),John Carlson,Minnesota Vikings,Baltimore Ravens vs. Minnesota Vikings (8/12/2013),8/12/2013,Baltimore Ravens,Tight End,No,No,14,2013/2014,1,3,No,Concussion,39,Did not return from injury,45.42 downs
D'Qwell Jackson - New York Giants vs. Cleveland Browns (7/10/2012),D'Qwell Jackson,Cleveland Browns,New York Giants vs. Cleveland Browns (7/10/2012),7/10/2012,New York Giants,Linebacker,No,No,5,2012/2013,1,0,No,Head,40,75 downs,84.00 downs
Joe Staley - New York Giants vs. San Francisco 49ers (14/10/2012),Joe Staley,San Francisco 49ers,New York Giants vs. San Francisco 49ers (14/10/2012),14/10/2012,New York Giants,Offensive Tackle,No,No,6,2012/2013,1,0,No,Concussion,40,61 downs,67.40 downs
Barry Richardson - New England Patriots vs. St. Louis Rams (28/10/2012),Barry Richardson,St. Louis Rams,New England Patriots vs. St. Louis Rams (28/10/2012),28/10/2012,New England Patriots,Offensive Tackle,No,No,8,2012/2013,1,0,No,Head,40,88 downs,66.14 downs
Santana Moss - Carolina Panthers vs. Washington Redskins (4/11/2012),Santana Moss,Washington Redskins,Carolina Panthers vs. Washington Redskins (4/11/2012),4/11/2012,Carolina Panthers,Wide Receiver,No,No,9,2012/2013,1,0,No,Head,40,22 downs,28.75 downs
Elbert Mack - New Orleans Saints vs. Oakland Raiders (18/11/2012),Elbert Mack,New Orleans Saints,New Orleans Saints vs. Oakland Raiders (18/11/2012),18/11/2012,Oakland Raiders,Comerback,No,Yes,11,2012/2013,1,1,No,Concussion,40,39 downs,6.00 downs
Eric Wright - Washington Redskins vs. Tampa Bay Buccaneers (30/9/2012),Eric Wright,Tampa Bay Buccaneers,Washington Redskins vs. Tampa Bay Buccaneers (30/9/2012),30/09/2012,Washington Redskins,Comerback,No,No,4,2012/2013,1,0,No,Head,41,68 downs,63.33 downs
Lawrence Jackson - Indianapolis Colts vs. Detroit Lions (2/12/2012),Lawrence Jackson,Detroit Lions,Indianapolis Colts vs. Detroit Lions (2/12/2012),2/12/2012,Indianapolis Colts,Defensive End,No,No,13,2012/2013,1,0,No,Concussion,41,33 downs,28.20 downs
Eric Reid - Carolina Panthers vs. San Francisco 49ers (10/11/2013),Eric Reid,San Francisco 49ers,Carolina Panthers vs. San Francisco 49ers (10/11/2013),10/11/2013,Carolina Panthers,Safety,No,No,10,2013/2014,1,0,No,Concussion,41,75 downs,67.75 downs
Josh McNary - Indianapolis Colts vs. Kansas City Chiefs (4/1/2014),Josh McNary,Indianapolis Colts,Indianapolis Colts vs. Kansas City Chiefs (4/1/2014),4/01/2014,Kansas City Chiefs,Linebacker,No,Yes,18,2013/2014,1,0,No,Concussion,41,38 downs,37.60 downs
Terrell McClain - Dallas Cowboys vs. St. Louis Rams (21/9/2014),Terrell McClain,Dallas Cowboys,Dallas Cowboys vs. St. Louis Rams (21/9/2014),21/09/2014,St. Louis Rams,Defensive Tackle,No,Yes,3,2014/2015,1,1,No,Concussion,41,18 downs,20.00 downs
Jeremy Mincey - Indianapolis Colts vs. Jacksonville Jaguars (29/9/2013),Jeremy Mincey,Jacksonville Jaguars,Indianapolis Colts vs. Jacksonville Jaguars (29/9/2013),29/09/2013,Indianapolis Colts,Defensive End,No,No,4,2013/2014,1,3,No,Concussion,41,21 downs,29.67 downs
Prince Amukamara - Dallas Cowboys vs. New York Giants (8/9/2013),Prince Amukamara,New York Giants,Dallas Cowboys vs. New York Giants (8/9/2013),8/09/2013,Dallas Cowboys,Comerback,No,No,1,2013/2014,1,0,No,Concussion,42,85 downs,
Trumaine Johnson - St. Louis Rams vs. Chicago Bears (24/11/2013),Trumaine Johnson,St. Louis Rams,St. Louis Rams vs. Chicago Bears (24/11/2013),24/11/2013,Chicago Bears,Comerback,No,Yes,12,2013/2014,1,0,No,Concussion,42,65 downs,57.20 downs
Vontaze Burfict - Cincinnati Bengals vs. Minnesota Vikings (22/12/2013),Vontaze Burfict,Cincinnati Bengals,Cincinnati Bengals vs. Minnesota Vikings (22/12/2013),22/12/2013,Minnesota Vikings,Linebacker,No,Yes,16,2013/2014,1,0,No,Concussion,42,69 downs,70.21 downs
Fred Jackson - New England Patriots vs. Buffalo Bills (11/11/2012),Fred Jackson,Buffalo Bills,New England Patriots vs. Buffalo Bills (11/11/2012),11/11/2012,New England Patriots,Running Back,No,No,10,2012/2013,1,1,No,Concussion,42,32 downs,30.33 downs
Drew Stanton - Denver Broncos vs. Arizona Cardinals (5/10/2014),Drew Stanton,Arizona Cardinals,Denver Broncos vs. Arizona Cardinals (5/10/2014),5/10/2014,Denver Broncos,Quarterback,No,No,5,2014/2015,1,1,No,Concussion,42,,67.50 downs
Drayton Florence - Green Bay Packers vs. Detroit Lions (18/11/2012),Drayton Florence,Detroit Lions,Green Bay Packers vs. Detroit Lions (18/11/2012),18/11/2012,Green Bay Packers,Comerback,No,No,11,2012/2013,1,0,No,Concussion,43,84 downs,45.50 downs
Antonio Allen - New York Jets vs. New Orleans Saints (3/11/2013),Antonio Allen,New York Jets,New York Jets vs. New Orleans Saints (3/11/2013),3/11/2013,New Orleans Saints,Safety,No,Yes,9,2013/2014,1,0,No,Concussion,43,6 downs,53.13 downs
Jeremy Kerley - New York Jets vs. Tampa Bay Buccaneers (8/9/2013),Jeremy Kerley,New York Jets,New York Jets vs. Tampa Bay Buccaneers (8/9/2013),8/09/2013,Tampa Bay Buccaneers,Wide Receiver,No,Yes,1,2013/2014,1,1,No,Concussion,43,56 downs,
Vance Walker - New York Jets vs. Oakland Raiders (8/12/2013),Vance Walker,Oakland Raiders,New York Jets vs. Oakland Raiders (8/12/2013),8/12/2013,New York Jets,Defensive Tackle,No,No,14,2013/2014,1,1,No,Concussion,43,60 downs,55.58 downs
K'Waun Williams - Cleveland Browns vs. Pittsburgh Steelers (12/10/2014),K'Waun Williams,Cleveland Browns,Cleveland Browns vs. Pittsburgh Steelers (12/10/2014),12/10/2014,Pittsburgh Steelers,Comerback,No,Yes,6,2014/2015,1,1,No,Concussion,43,15 downs,26.80 downs
Jordan Pugh - Washington Redskins vs. Minnesota Vikings (14/10/2012),Jordan Pugh,Washington Redskins,Washington Redskins vs. Minnesota Vikings (14/10/2012),14/10/2012,Minnesota Vikings,Safety,No,Yes,6,2012/2013,1,0,No,Head,44,43 downs,12.50 downs
Arthur Jones - New England Patriots vs. Baltimore Ravens (22/12/2013),Arthur Jones,Baltimore Ravens,New England Patriots vs. Baltimore Ravens (22/12/2013),22/12/2013,New England Patriots,Defensive Tackle,No,No,16,2013/2014,1,1,No,Concussion,44,Did not return from injury,41.00 downs
Jason Pinkston - New York Jets vs. Cleveland Browns (22/12/2013),Jason Pinkston,Cleveland Browns,New York Jets vs. Cleveland Browns (22/12/2013),22/12/2013,New York Jets,Guard,No,No,16,2013/2014,1,1,No,Concussion,44,Did not return from injury,60.00 downs
Mike Iupati - San Francisco 49ers vs. St. Louis Rams (13/10/2014),Mike Iupati,San Francisco 49ers,San Francisco 49ers vs. St. Louis Rams (13/10/2014),13/10/2014,St. Louis Rams,Guard,No,Yes,6,2014/2015,1,1,No,Concussion,44,71 downs,73.40 downs
Red Bryant - Seattle Seahawks vs. Tampa Bay Buccaneers (3/11/2013),Red Bryant,Seattle Seahawks,Seattle Seahawks vs. Tampa Bay Buccaneers (3/11/2013),3/11/2013,Tampa Bay Buccaneers,Defensive End,No,Yes,9,2013/2014,1,1,No,Concussion,45,39 downs,35.50 downs
Dan Skuta - Baltimore Ravens vs. Cincinnati Bengals (10/9/2012),Dan Skuta,Cincinnati Bengals,Baltimore Ravens vs. Cincinnati Bengals (10/9/2012),10/09/2012,Baltimore Ravens,Linebacker,Yes,No,1,2012/2013,0,,No,Head,45,,
Rashad Jennings - Dallas Cowboys vs. Oakland Raiders (28/11/2013),Rashad Jennings,Oakland Raiders,Dallas Cowboys vs. Oakland Raiders (28/11/2013),28/11/2013,Dallas Cowboys,Running Back,No,No,13,2013/2014,1,1,No,Concussion,46,62 downs,43.27 downs
Vince Williams - New England Patriots vs. Pittsburgh Steelers (3/11/2013),Vince Williams,Pittsburgh Steelers,New England Patriots vs. Pittsburgh Steelers (3/11/2013),3/11/2013,New England Patriots,Linebacker,No,No,9,2013/2014,1,0,No,Concussion,47,33 downs,43.00 downs
Ramses Barden - Philadelphia Eagles vs. New York Giants (30/9/2012),Ramses Barden,New York Giants,Philadelphia Eagles vs. New York Giants (30/9/2012),30/09/2012,Philadelphia Eagles,Wide Receiver,No,No,4,2012/2013,1,1,No,Concussion,47,13 downs,42.33 downs
Jarvis Jones - Pittsburgh Steelers vs. New York Jets (13/10/2013),Jarvis Jones,Pittsburgh Steelers,Pittsburgh Steelers vs. New York Jets (13/10/2013),13/10/2013,New York Jets,Linebacker,No,Yes,6,2013/2014,1,1,No,Concussion,47,14 downs,57.25 downs
Max Unger - Seattle Seahawks vs. Tampa Bay Buccaneers (3/11/2013),Max Unger,Seattle Seahawks,Seattle Seahawks vs. Tampa Bay Buccaneers (3/11/2013),3/11/2013,Tampa Bay Buccaneers,Center,No,Yes,9,2013/2014,1,1,No,Concussion,47,45 downs,64.17 downs
Brandon Bostick - Minnesota Vikings vs. Green Bay Packers (24/11/2013),Brandon Bostick,Green Bay Packers,Minnesota Vikings vs. Green Bay Packers (24/11/2013),24/11/2013,Minnesota Vikings,Tight End,No,No,12,2013/2014,1,1,No,Concussion,47,26 downs,26.88 downs
Scott Chandler - New England Patriots vs. Buffalo Bills (30/9/2012),Scott Chandler,Buffalo Bills,New England Patriots vs. Buffalo Bills (30/9/2012),30/09/2012,New England Patriots,Tight End,No,No,4,2012/2013,1,0,No,Head,48,43 downs,59.33 downs
Javier Arenas - San Diego Chargers vs. Kansas City Chiefs (1/11/2012),Javier Arenas,Kansas City Chiefs,San Diego Chargers vs. Kansas City Chiefs (1/11/2012),1/11/2012,San Diego Chargers,Comerback,No,No,9,2012/2013,1,0,No,Head,48,72 downs,32.86 downs
Kyle Rudolph - Chicago Bears vs. Minnesota Vikings (25/11/2012),Kyle Rudolph,Minnesota Vikings,Chicago Bears vs. Minnesota Vikings (25/11/2012),25/11/2012,Chicago Bears,Tight End,No,No,12,2012/2013,1,0,No,Concussion,48,47 downs,63.20 downs
Menelik Watson - Denver Broncos vs. Oakland Raiders (9/11/2014),Menelik Watson,Oakland Raiders,Denver Broncos vs. Oakland Raiders (9/11/2014),9/11/2014,Denver Broncos,Offensive Tackle,No,No,10,2014/2015,1,0,No,Concussion,48,,39.25 downs
Tony Moeaki - Oakland Raiders vs. Kansas City Chiefs (16/12/2012),Tony Moeaki,Kansas City Chiefs,Oakland Raiders vs. Kansas City Chiefs (16/12/2012),16/12/2012,Oakland Raiders,Tight End,No,No,15,2012/2013,1,1,No,Head,48,36 downs,63.31 downs
Garrett Graham - Houston Texans vs. Cincinnati Bengals (5/1/2013),Garrett Graham,Houston Texans,Houston Texans vs. Cincinnati Bengals (5/1/2013),5/01/2013,Cincinnati Bengals,Tight End,No,Yes,18,2012/2013,1,0,No,Concussion,49,46 downs,46.40 downs
George Selvie - San Diego Chargers vs. Dallas Cowboys (29/9/2013),George Selvie,Dallas Cowboys,San Diego Chargers vs. Dallas Cowboys (29/9/2013),29/09/2013,San Diego Chargers,Defensive End,No,No,4,2013/2014,1,0,No,Concussion,49,66 downs,46.33 downs
Danny Amendola - New England Patriots vs. New Orleans Saints (13/10/2013),Danny Amendola,New England Patriots,New England Patriots vs. New Orleans Saints (13/10/2013),13/10/2013,New Orleans Saints,Wide Receiver,No,Yes,6,2013/2014,1,1,No,Concussion,49,38 downs,47.50 downs
Chaz Schilens - New England Patriots vs. New York Jets (22/11/2012),Chaz Schilens,New York Jets,New England Patriots vs. New York Jets (22/11/2012),22/11/2012,New England Patriots,Wide Receiver,No,No,12,2012/2013,1,0,No,Concussion,50,43 downs,44.40 downs
Alex Smith - Cincinnati Bengals vs. Minnesota Vikings (22/12/2013),Alex Smith,Cincinnati Bengals,Cincinnati Bengals vs. Minnesota Vikings (22/12/2013),22/12/2013,Minnesota Vikings,Tight End,No,Yes,16,2013/2014,1,0,No,Concussion,50,37 downs,31.14 downs
Darrelle Revis - New York Jets vs. Buffalo Bills (9/9/2012),Darrelle Revis,New York Jets,New York Jets vs. Buffalo Bills (9/9/2012),9/09/2012,Buffalo Bills,Comerback,No,Yes,1,2012/2013,1,1,No,Concussion,50,45 downs,
Terrelle Pryor - Denver Broncos vs. Oakland Raiders (23/9/2013),Terrelle Pryor,Oakland Raiders,Denver Broncos vs. Oakland Raiders (23/9/2013),23/09/2013,Denver Broncos,Quarterback,No,No,3,2013/2014,1,1,No,Concussion,50,58 downs,63.00 downs
Andre Brown - New York Giants vs. Detroit Lions (22/12/2013),Andre Brown,New York Giants,New York Giants vs. Detroit Lions (22/12/2013),22/12/2013,Detroit Lions,Running Back,No,Yes,16,2013/2014,1,1,No,Concussion,50,28 downs,47.00 downs
Stephen Burton - Seattle Seahawks vs. Jacksonville Jaguars (22/9/2013),Stephen Burton,Jacksonville Jaguars,Seattle Seahawks vs. Jacksonville Jaguars (22/9/2013),22/09/2013,Seattle Seahawks,Wide Receiver,No,No,3,2013/2014,1,5,No,Concussion,50,22 downs,43.00 downs
Donald Jones - New England Patriots vs. Buffalo Bills (30/9/2012),Donald Jones,Buffalo Bills,New England Patriots vs. Buffalo Bills (30/9/2012),30/09/2012,New England Patriots,Wide Receiver,No,No,4,2012/2013,1,0,No,Head,51,45 downs,59.00 downs
Wes Welker - Denver Broncos vs. Tennessee Titans (8/12/2013),Wes Welker,Denver Broncos,Denver Broncos vs. Tennessee Titans (8/12/2013),8/12/2013,Tennessee Titans,Wide Receiver,No,Yes,14,2013/2014,1,3,No,Concussion,51,68 downs,61.25 downs
Craig Dahl - St. Louis Rams vs. Buffalo Bills (9/12/2012),Craig Dahl,St. Louis Rams,St. Louis Rams vs. Buffalo Bills (9/12/2012),9/12/2012,Buffalo Bills,Safety,No,Yes,14,2012/2013,1,0,No,Head,52,75 downs,81.42 downs
Mychal Kendricks - Washington Redskins vs. Philadelphia Eagles (23/12/2012),Mychal Kendricks,Philadelphia Eagles,Washington Redskins vs. Philadelphia Eagles (23/12/2012),23/12/2012,Washington Redskins,Linebacker,No,No,16,2012/2013,1,1,No,Concussion,52,Did not return from injury,62.79 downs
Jordan Cameron - Chicago Bears vs. Cleveland Browns (15/12/2013),Jordan Cameron,Cleveland Browns,Chicago Bears vs. Cleveland Browns (15/12/2013),15/12/2013,Chicago Bears,Tight End,No,No,15,2013/2014,1,1,No,Concussion,52,39 downs,67.69 downs
Nate Solder - Miami Dolphins vs. New England Patriots (15/12/2013),Nate Solder,New England Patriots,Miami Dolphins vs. New England Patriots (15/12/2013),15/12/2013,Miami Dolphins,Offensive Tackle,No,No,15,2013/2014,1,1,No,Concussion,52,81 downs,79.46 downs
Dwayne Bowe - Indianapolis Colts vs. Kansas City Chiefs (22/12/2013),Dwayne Bowe,Kansas City Chiefs,Indianapolis Colts vs. Kansas City Chiefs (22/12/2013),22/12/2013,Indianapolis Colts,Wide Receiver,No,No,16,2013/2014,1,1,No,Concussion,52,71 downs,56.07 downs
Harrison Smith - Chicago Bears vs. Minnesota Vikings (25/11/2012),Harrison Smith,Minnesota Vikings,Chicago Bears vs. Minnesota Vikings (25/11/2012),25/11/2012,Chicago Bears,Safety,No,No,12,2012/2013,1,0,No,Concussion,53,92 downs,72.50 downs
LeSean McCoy - Washington Redskins vs. Philadelphia Eagles (18/11/2012),LeSean McCoy,Philadelphia Eagles,Washington Redskins vs. Philadelphia Eagles (18/11/2012),18/11/2012,Washington Redskins,Running Back,No,No,11,2012/2013,1,4,No,Concussion,53,64 downs,60.00 downs
Amari Spievey - Chicago Bears vs. Detroit Lions (22/10/2012),Amari Spievey,Detroit Lions,Chicago Bears vs. Detroit Lions (22/10/2012),22/10/2012,Chicago Bears,Safety,No,No,7,2012/2013,1,10,No,Concussion,53,Did not return from injury,53.25 downs
Christopher Conte - Buffalo Bills vs. Chicago Bears (7/9/2014),Christopher Conte,Chicago Bears,Buffalo Bills vs. Chicago Bears (7/9/2014),7/09/2014,Buffalo Bills,Safety,Yes,No,1,2014/2015,0,,No,Concussion,53,,
Craig Stevens - Tennessee Titans vs. Buffalo Bills (21/10/2012),Craig Stevens,Tennessee Titans,Tennessee Titans vs. Buffalo Bills (21/10/2012),21/10/2012,Buffalo Bills,Tight End,No,Yes,7,2012/2013,1,0,No,Concussion,54,53 downs,47.00 downs
Billy Bajema - Cincinnati Bengals vs. Baltimore Ravens (30/12/2012),Billy Bajema,Baltimore Ravens,Cincinnati Bengals vs. Baltimore Ravens (30/12/2012),30/12/2012,Cincinnati Bengals,Tight End,No,No,17,2012/2013,1,0,No,Head,54,10 downs,22.29 downs
Cecil Shorts - Buffalo Bills vs. Jacksonville Jaguars (2/12/2012),Cecil Shorts,Jacksonville Jaguars,Buffalo Bills vs. Jacksonville Jaguars (2/12/2012),2/12/2012,Buffalo Bills,Wide Receiver,No,No,13,2012/2013,1,1,No,Concussion,54,62 downs,42.82 downs
Brandon Myers - Oakland Raiders vs. Pittsburgh Steelers (23/9/2012),Brandon Myers,Oakland Raiders,Oakland Raiders vs. Pittsburgh Steelers (23/9/2012),23/09/2012,Pittsburgh Steelers,Tight End,No,Yes,3,2012/2013,1,0,No,Concussion,55,67 downs,68.00 downs
Dan Connolly - New England Patriots vs. Tennessee Titans (9/9/2012),Dan Connolly,New England Patriots,New England Patriots vs. Tennessee Titans (9/9/2012),9/09/2012,Tennessee Titans,Guard,No,Yes,1,2012/2013,1,1,No,Concussion,55,88 downs,
Josh Wilson - St. Louis Rams vs. Washington Redskins (16/9/2012),Josh Wilson,Washington Redskins,St. Louis Rams vs. Washington Redskins (16/9/2012),16/09/2012,St. Louis Rams,Comerback,No,No,2,2012/2013,1,0,No,Head,56,70 downs,80.00 downs
Shawn Lauvao - Washington Redskins vs. Cleveland Browns (16/12/2012),Shawn Lauvao,Cleveland Browns,Washington Redskins vs. Cleveland Browns (16/12/2012),16/12/2012,Washington Redskins,Guard,No,No,15,2012/2013,1,0,No,Head,56,66 downs,69.54 downs
Anthony Allen - Cincinnati Bengals vs. Baltimore Ravens (30/12/2012),Anthony Allen,Baltimore Ravens,Cincinnati Bengals vs. Baltimore Ravens (30/12/2012),30/12/2012,Cincinnati Bengals,Running Back,No,No,17,2012/2013,1,0,No,Head,56,19 downs,22.60 downs
John Sullivan - Seattle Seahawks vs. Minnesota Vikings (17/11/2013),John Sullivan,Minnesota Vikings,Seattle Seahawks vs. Minnesota Vikings (17/11/2013),17/11/2013,Seattle Seahawks,Center,No,No,11,2013/2014,1,0,No,Concussion,56,86 downs,62.00 downs
Nick Foles - Dallas Cowboys vs. Philadelphia Eagles (20/10/2013),Nick Foles,Philadelphia Eagles,Dallas Cowboys vs. Philadelphia Eagles (20/10/2013),20/10/2013,Dallas Cowboys,Quarterback,No,No,7,2013/2014,1,1,No,Concussion,56,51 downs,29.75 downs
Stanley Havili - Indianapolis Colts vs. Tennessee Titans (14/11/2013),Stanley Havili,Indianapolis Colts,Indianapolis Colts vs. Tennessee Titans (14/11/2013),14/11/2013,Tennessee Titans,Full Back,No,Yes,11,2013/2014,1,1,No,Concussion,56,45 downs,39.71 downs
Leon Hall - Cincinnati Bengals vs. Jacksonville Jaguars (2/11/2014),Leon Hall,Cincinnati Bengals,Cincinnati Bengals vs. Jacksonville Jaguars (2/11/2014),2/11/2014,Jacksonville Jaguars,Comerback,No,Yes,9,2014/2015,1,1,No,Concussion,57,,33.86 downs
Carlos Dunlap - Chicago Bears vs. Cincinnati Bengals (8/9/2013),Carlos Dunlap,Cincinnati Bengals,Chicago Bears vs. Cincinnati Bengals (8/9/2013),8/09/2013,Chicago Bears,Defensive End,Yes,No,1,2013/2014,0,,No,Concussion,57,,
Matt Giordano - Baltimore Ravens vs. Oakland Raiders (11/11/2012),Matt Giordano,Oakland Raiders,Baltimore Ravens vs. Oakland Raiders (11/11/2012),11/11/2012,Baltimore Ravens,Safety,No,No,10,2012/2013,1,0,No,Concussion,58,66 downs,59.00 downs
Mike Brisiel - Carolina Panthers vs. Oakland Raiders (23/12/2012),Mike Brisiel,Oakland Raiders,Carolina Panthers vs. Oakland Raiders (23/12/2012),23/12/2012,Carolina Panthers,Guard,No,No,16,2012/2013,1,1,No,Concussion,58,Did not return from injury,68.43 downs
Emmanuel Lamur - Cincinnati Bengals vs. Tennessee Titans (21/9/2014),Emmanuel Lamur,Cincinnati Bengals,Cincinnati Bengals vs. Tennessee Titans (21/9/2014),21/09/2014,Tennessee Titans,Linebacker,No,Yes,3,2014/2015,1,1,No,,58,99 downs,82.00 downs
King Dunlap - Tennessee Titans vs. San Diego Chargers (22/9/2013),King Dunlap,San Diego Chargers,Tennessee Titans vs. San Diego Chargers (22/9/2013),22/09/2013,Tennessee Titans,Offensive Tackle,No,No,3,2013/2014,1,2,No,Concussion,58,80 downs,74.00 downs
Coby Fleener - Indianapolis Colts vs. Green Bay Packers (7/10/2012),Coby Fleener,Indianapolis Colts,Indianapolis Colts vs. Green Bay Packers (7/10/2012),7/10/2012,Green Bay Packers,Tight End,No,Yes,5,2012/2013,0,,Yes,Head,58,,
Mike Jenkins - Tennessee Titans vs. Oakland Raiders (24/11/2013),Mike Jenkins,Oakland Raiders,Tennessee Titans vs. Oakland Raiders (24/11/2013),24/11/2013,Tennessee Titans,Comerback,No,No,12,2013/2014,1,0,No,Concussion,59,48 downs,66.20 downs
Winston Justice - Indianapolis Colts vs. Detroit Lions (2/12/2012),Winston Justice,Indianapolis Colts,Indianapolis Colts vs. Detroit Lions (2/12/2012),2/12/2012,Detroit Lions,Offensive Tackle,No,Yes,13,2012/2013,1,0,No,Head,60,33 downs,71.44 downs
Andre Johnson - Houston Texans vs. Tennessee Titans (15/9/2013),Andre Johnson,Houston Texans,Houston Texans vs. Tennessee Titans (15/9/2013),15/09/2013,Tennessee Titans,Wide Receiver,No,Yes,2,2013/2014,1,0,No,Concussion,60,41 downs,71.00 downs
Le'Veon Bell - Baltimore Ravens vs. Pittsburgh Steelers (28/11/2013),Le'Veon Bell,Pittsburgh Steelers,Baltimore Ravens vs. Pittsburgh Steelers (28/11/2013),28/11/2013,Baltimore Ravens,Running Back,No,No,13,2013/2014,1,0,No,Concussion,60,55 downs,51.63 downs
Brandon Weeden - Cleveland Browns vs. Pittsburgh Steelers (25/11/2012),Brandon Weeden,Cleveland Browns,Cleveland Browns vs. Pittsburgh Steelers (25/11/2012),25/11/2012,Pittsburgh Steelers,Quarterback,No,Yes,12,2012/2013,1,0,No,Head,61,68 downs,64.60 downs
Larry Fitzgerald - Arizona Cardinals vs. Tennessee Titans (15/12/2013),Larry Fitzgerald,Arizona Cardinals,Arizona Cardinals vs. Tennessee Titans (15/12/2013),15/12/2013,Tennessee Titans,Wide Receiver,No,Yes,15,2013/2014,1,0,No,Concussion,61,64 downs,62.08 downs
Erin Henderson - Indianapolis Colts vs. Minnesota Vikings (16/9/2012),Erin Henderson,Minnesota Vikings,Indianapolis Colts vs. Minnesota Vikings (16/9/2012),16/09/2012,Indianapolis Colts,Linebacker,No,No,2,2012/2013,1,2,No,Concussion,61,20 downs,83.00 downs
DeAndre Hopkins - Houston Texans vs. San Diego Chargers (9/9/2013),DeAndre Hopkins,Houston Texans,Houston Texans vs. San Diego Chargers (9/9/2013),9/09/2013,San Diego Chargers,Wide Receiver,Yes,Yes,1,2013/2014,0,,No,Concussion,61,,
Matt Cassel - Baltimore Ravens vs. Kansas City Chiefs (7/10/2012),Matt Cassel,Kansas City Chiefs,Baltimore Ravens vs. Kansas City Chiefs (7/10/2012),7/10/2012,Baltimore Ravens,Quarterback,No,No,5,2012/2013,1,1,No,Concussion,62,51 downs,77.00 downs
Jacob Lacey - Detroit Lions vs. Philadelphia Eagles (14/10/2012),Jacob Lacey,Detroit Lions,Detroit Lions vs. Philadelphia Eagles (14/10/2012),14/10/2012,Philadelphia Eagles,Comerback,No,Yes,6,2012/2013,1,2,No,Concussion,62,56 downs,55.75 downs
Antonio Allen - New York Jets vs. Oakland Raiders (7/9/2014),Antonio Allen,New York Jets,New York Jets vs. Oakland Raiders (7/9/2014),7/09/2014,Oakland Raiders,Safety,Yes,Yes,1,2014/2015,0,,No,Concussion,62,,
Fernando Velasco - Indianapolis Colts vs. Tennessee Titans (28/10/2012),Fernando Velasco,Tennessee Titans,Indianapolis Colts vs. Tennessee Titans (28/10/2012),28/10/2012,Indianapolis Colts,Center,No,No,8,2012/2013,1,0,No,Concussion,63,59 downs,66.71 downs
Jimmy Smith - Baltimore Ravens vs. Pittsburgh Steelers (28/11/2013),Jimmy Smith,Baltimore Ravens,Baltimore Ravens vs. Pittsburgh Steelers (28/11/2013),28/11/2013,Pittsburgh Steelers,Comerback,No,Yes,13,2013/2014,1,0,No,Concussion,63,65 downs,68.45 downs
Andrew Whitworth - Cincinnati Bengals vs. Philadelphia Eagles (13/12/2012),Andrew Whitworth,Cincinnati Bengals,Cincinnati Bengals vs. Philadelphia Eagles (13/12/2012),13/12/2012,Philadelphia Eagles,Offensive Tackle,No,Yes,15,2012/2013,1,0,No,Head,64,68 downs,69.77 downs
Ryan Clark - Pittsburgh Steelers vs. Kansas City Chiefs (12/11/2012),Ryan Clark,Pittsburgh Steelers,Pittsburgh Steelers vs. Kansas City Chiefs (12/11/2012),12/11/2012,Kansas City Chiefs,Safety,No,Yes,10,2012/2013,1,0,No,Concussion,65,64 downs,58.29 downs
Ryan Wendell - Cincinnati Bengals vs. New England Patriots (6/10/2013),Ryan Wendell,New England Patriots,Cincinnati Bengals vs. New England Patriots (6/10/2013),6/10/2013,Cincinnati Bengals,Center,No,No,5,2013/2014,1,0,No,Concussion,65,92 downs,79.00 downs
Carlos Dunlap - Pittsburgh Steelers vs. Cincinnati Bengals (15/12/2013),Carlos Dunlap,Cincinnati Bengals,Pittsburgh Steelers vs. Cincinnati Bengals (15/12/2013),15/12/2013,Pittsburgh Steelers,Defensive End,No,No,15,2013/2014,1,0,No,Concussion,65,44 downs,59.86 downs
Gerald Sensabaugh - Dallas Cowboys vs. New York Giants (5/9/2012),Gerald Sensabaugh,Dallas Cowboys,Dallas Cowboys vs. New York Giants (5/9/2012),5/09/2012,New York Giants,Safety,No,Yes,1,2012/2013,1,0,No,Concussion,66,54 downs,
Robert Quinn - St. Louis Rams vs. Arizona Cardinals (25/11/2012),Robert Quinn,St. Louis Rams,St. Louis Rams vs. Arizona Cardinals (25/11/2012),25/11/2012,Arizona Cardinals,Defensive End,No,Yes,12,2012/2013,1,0,No,Concussion,66,20 downs,63.40 downs
Will Blackmon - Seattle Seahawks vs. Jacksonville Jaguars (22/9/2013),Will Blackmon,Jacksonville Jaguars,Seattle Seahawks vs. Jacksonville Jaguars (22/9/2013),22/09/2013,Seattle Seahawks,Comerback,No,No,3,2013/2014,1,0,No,Head,66,75 downs,61.50 downs
Kelvin Benjamin - Carolina Panthers vs. Cincinnati Bengals (12/10/2014),Kelvin Benjamin,Carolina Panthers,Carolina Panthers vs. Cincinnati Bengals (12/10/2014),12/10/2014,Cincinnati Bengals,Wide Receiver,No,Yes,6,2014/2015,1,0,No,Concussion,66,52 downs,58.40 downs
Craig Stevens - Green Bay Packers vs. Tennessee Titans (23/12/2012),Craig Stevens,Tennessee Titans,Green Bay Packers vs. Tennessee Titans (23/12/2012),23/12/2012,Green Bay Packers,Tight End,No,No,16,2012/2013,1,1,No,Concussion,66,Did not return from injury,51.88 downs
Ace Sanders - Denver Broncos vs. Jacksonville Jaguars (13/10/2013),Ace Sanders,Jacksonville Jaguars,Denver Broncos vs. Jacksonville Jaguars (13/10/2013),13/10/2013,Denver Broncos,Wide Receiver,No,No,6,2013/2014,1,1,No,Concussion,66,5 downs,49.80 downs
Tracy Porter - Denver Broncos vs. Oakland Raiders (23/9/2013),Tracy Porter,Oakland Raiders,Denver Broncos vs. Oakland Raiders (23/9/2013),23/09/2013,Denver Broncos,Comerback,No,No,3,2013/2014,1,0,No,Concussion,67,68 downs,63.00 downs
Paul Posluszny - Jacksonville Jaguars vs. Tennessee Titans (10/11/2013),Paul Posluszny,Jacksonville Jaguars,Jacksonville Jaguars vs. Tennessee Titans (10/11/2013),10/11/2013,Tennessee Titans,Linebacker,No,Yes,10,2013/2014,1,1,No,Concussion,67,60 downs,73.88 downs
Sidney Rice - Seattle Seahawks vs. Chicago Bears (2/12/2012),Sidney Rice,Seattle Seahawks,Seattle Seahawks vs. Chicago Bears (2/12/2012),2/12/2012,Chicago Bears,Wide Receiver,No,Yes,13,2012/2013,1,0,No,Head,68,44 downs,49.09 downs
Muhammad Wilkerson - San Diego Chargers vs. New York Jets (23/12/2012),Muhammad Wilkerson,New York Jets,San Diego Chargers vs. New York Jets (23/12/2012),23/12/2012,San Diego Chargers,Defensive End,No,No,16,2012/2013,1,0,No,Concussion,68,63 downs,61.14 downs
Xavier Rhodes - Minnesota Vikings vs. Green Bay Packers (24/11/2013),Xavier Rhodes,Minnesota Vikings,Minnesota Vikings vs. Green Bay Packers (24/11/2013),24/11/2013,Green Bay Packers,Wide Receiver,No,Yes,12,2013/2014,1,0,No,Concussion,68,76 downs,53.10 downs
LaRon Landry - Indianapolis Colts vs. Kansas City Chiefs (4/1/2014),LaRon Landry,Indianapolis Colts,Indianapolis Colts vs. Kansas City Chiefs (4/1/2014),4/01/2014,Kansas City Chiefs,Safety,No,Yes,18,2013/2014,1,0,No,Concussion,68,73 downs,65.67 downs
Colin McCarthy - Jacksonville Jaguars vs. Tennessee Titans (25/11/2012),Colin McCarthy,Tennessee Titans,Jacksonville Jaguars vs. Tennessee Titans (25/11/2012),25/11/2012,Jacksonville Jaguars,Linebacker,No,No,12,2012/2013,1,5,No,Concussion,68,Did not return from injury,59.00 downs
Jaquian Williams - Seattle Seahawks vs. New York Giants (9/11/2014),Jaquian Williams,New York Giants,Seattle Seahawks vs. New York Giants (9/11/2014),9/11/2014,Seattle Seahawks,Linebacker,No,No,10,2014/2015,1,0,No,Concussion,69,,68.63 downs
Brandon LaFell - Chicago Bears vs. Carolina Panthers (28/10/2012),Brandon LaFell,Carolina Panthers,Chicago Bears vs. Carolina Panthers (28/10/2012),28/10/2012,Chicago Bears,Wide Receiver,No,No,8,2012/2013,1,1,No,Head,69,70 downs,56.50 downs
Tashaun Gipson - Cleveland Browns vs. Cincinnati Bengals (6/11/2014),Tashaun Gipson,Cleveland Browns,Cleveland Browns vs. Cincinnati Bengals (6/11/2014),6/11/2014,Cincinnati Bengals,Safety,No,Yes,10,2014/2015,1,0,No,Concussion,70,,73.00 downs
Andre Smith - Cincinnati Bengals vs. Baltimore Ravens (7/9/2014),Andre Smith,Cincinnati Bengals,Cincinnati Bengals vs. Baltimore Ravens (7/9/2014),7/09/2014,Baltimore Ravens,Offensive Tackle,Yes,Yes,1,2014/2015,0,,No,Concussion,70,,
Antrel Rolle - New York Giants vs. Dallas Cowboys (28/10/2012),Antrel Rolle,New York Giants,New York Giants vs. Dallas Cowboys (28/10/2012),28/10/2012,Dallas Cowboys,Safety,No,Yes,8,2012/2013,1,0,No,Concussion,71,70 downs,62.86 downs
Andrew Whitworth - Pittsburgh Steelers vs. Cincinnati Bengals (15/12/2013),Andrew Whitworth,Cincinnati Bengals,Pittsburgh Steelers vs. Cincinnati Bengals (15/12/2013),15/12/2013,Pittsburgh Steelers,Defensive End,No,No,15,2013/2014,1,0,No,Concussion,71,83 downs,69.27 downs
Aaron Williams - Buffalo Bills vs. Chicago Bears (7/9/2014),Aaron Williams,Buffalo Bills,Buffalo Bills vs. Chicago Bears (7/9/2014),7/09/2014,Chicago Bears,Safety,No,Yes,1,2014/2015,1,0,No,Concussion,71,87 downs,71.00 downs
Josh Freeman - New York Giants vs. Minnesota Vikings (21/10/2013),Josh Freeman,Minnesota Vikings,New York Giants vs. Minnesota Vikings (21/10/2013),21/10/2013,New York Giants,Quarterback,No,No,7,2013/2014,1,2,No,Concussion,71,,63.00 downs
Kenny Vaccaro - New Orleans Saints vs. Buffalo Bills (27/10/2013),Kenny Vaccaro,New Orleans Saints,New Orleans Saints vs. Buffalo Bills (27/10/2013),27/10/2013,Buffalo Bills,Safety,No,Yes,8,2013/2014,1,0,No,Concussion,72,57 downs,67.50 downs
Bradley Fletcher - Philadelphia Eagles vs. Washington Redskins (9/9/2013),Bradley Fletcher,Philadelphia Eagles,Philadelphia Eagles vs. Washington Redskins (9/9/2013),9/09/2013,Washington Redskins,Comerback,No,Yes,1,2013/2014,1,1,No,Concussion,72,95 downs,
Michael Johnson - Cleveland Browns vs. Cincinnati Bengals (29/9/2013),Michael Johnson,Cincinnati Bengals,Cleveland Browns vs. Cincinnati Bengals (29/9/2013),29/09/2013,Cleveland Browns,Defensive End,No,No,4,2013/2014,1,1,No,Concussion,72,66 downs,59.33 downs
Nate Livings - Dallas Cowboys vs. Cincinnati Bengals (9/12/2012),Nate Livings,Dallas Cowboys,Dallas Cowboys vs. Cincinnati Bengals (9/12/2012),9/12/2012,Cincinnati Bengals,Guard,No,Yes,14,2012/2013,1,0,No,Concussion,73,72 downs,74.17 downs
John Jerry - Miami Dolphins vs. New York Jets (1/12/2013),John Jerry,Miami Dolphins,Miami Dolphins vs. New York Jets (1/12/2013),1/12/2013,New York Jets,Guard,No,Yes,13,2013/2014,1,0,No,Concussion,73,69 downs,68.27 downs
Jahleel Addae - Denver Broncos vs. San Diego Chargers (23/10/2014),Jahleel Addae,San Diego Chargers,Denver Broncos vs. San Diego Chargers (23/10/2014),23/10/2014,Denver Broncos,Safety,No,No,8,2014/2015,1,1,No,Concussion,73,,50.80 downs
Rolando McClain - Miami Dolphins vs. Oakland Raiders (16/9/2012),Rolando McClain,Oakland Raiders,Miami Dolphins vs. Oakland Raiders (16/9/2012),16/09/2012,Miami Dolphins,Linebacker,No,No,2,2012/2013,1,0,No,Concussion,74,78 downs,61.00 downs
Justin Houston - Kansas City Chiefs vs. Tennessee Titans (6/10/2013),Justin Houston,Kansas City Chiefs,Kansas City Chiefs vs. Tennessee Titans (6/10/2013),6/10/2013,Tennessee Titans,Linebacker,No,Yes,5,2013/2014,1,0,No,Concussion,74,76 downs,67.50 downs
LaAdrian Waddle - Detroit Lions vs. New Orleans Saints (19/10/2014),LaAdrian Waddle,Detroit Lions,Detroit Lions vs. New Orleans Saints (19/10/2014),19/10/2014,New Orleans Saints,Offensive Tackle,No,Yes,7,2014/2015,1,1,No,Concussion,74,48 downs,54.00 downs
J.R. Sweezy - Seattle Seahawks vs. New York Giants (15/12/2013),J.R. Sweezy,Seattle Seahawks,Seattle Seahawks vs. New York Giants (15/12/2013),15/12/2013,New York Giants,Guard,No,Yes,15,2013/2014,1,1,No,Concussion,75,72 downs,71.92 downs
Brandon Weeden - Jacksonville Jaguars vs. Cleveland Browns (1/12/2013),Brandon Weeden,Cleveland Browns,Jacksonville Jaguars vs. Cleveland Browns (1/12/2013),1/12/2013,Jacksonville Jaguars,Quarterback,No,No,13,2013/2014,1,4,No,Concussion,75,Did not return from injury,53.86 downs
Buster Skrine - Dallas Cowboys vs. Cleveland Browns (18/11/2012),Buster Skrine,Cleveland Browns,Dallas Cowboys vs. Cleveland Browns (18/11/2012),18/11/2012,Dallas Cowboys,Comerback,No,No,11,2012/2013,1,0,No,Head,77,55 downs,65.56 downs
T.J. Lang - Green Bay Packers vs. Chicago Bears (16/12/2012),T.J. Lang,Green Bay Packers,Green Bay Packers vs. Chicago Bears (16/12/2012),16/12/2012,Chicago Bears,Guard,No,Yes,15,2012/2013,1,0,No,Concussion,79,87 downs,69.92 downs
Ike Taylor - New England Patriots vs. Pittsburgh Steelers (3/11/2013),Ike Taylor,Pittsburgh Steelers,New England Patriots vs. Pittsburgh Steelers (3/11/2013),3/11/2013,New England Patriots,Comerback,No,No,9,2013/2014,1,0,No,Concussion,80,69 downs,69.71 downs
A.J. Jefferson - Minnesota Vikings vs. Chicago Bears (9/12/2012),A.J. Jefferson,Minnesota Vikings,Minnesota Vikings vs. Chicago Bears (9/12/2012),9/12/2012,Chicago Bears,Comerback,No,Yes,14,2012/2013,1,0,No,Concussion,81,84 downs,40.00 downs
T.J. McDonald - St. Louis Rams vs. Seattle Seahawks (19/10/2014),T.J. McDonald,St. Louis Rams,St. Louis Rams vs. Seattle Seahawks (19/10/2014),19/10/2014,Seattle Seahawks,Safety,No,Yes,7,2014/2015,1,0,No,Concussion,82,75 downs,73.60 downs
Eric Weddle - Baltimore Ravens vs. San Diego Chargers (25/11/2012),Eric Weddle,San Diego Chargers,Baltimore Ravens vs. San Diego Chargers (25/11/2012),25/11/2012,Baltimore Ravens,Safety,No,No,12,2012/2013,1,0,No,Concussion,85,90 downs,76.00 downs
Blidi Wreh-Wilson - Indianapolis Colts vs. Tennessee Titans (28/9/2014),Blidi Wreh-Wilson,Tennessee Titans,Indianapolis Colts vs. Tennessee Titans (28/9/2014),28/09/2014,Indianapolis Colts,Comerback,No,No,4,2014/2015,1,1,No,Concussion,85,90 downs,78.00 downs
Josh Sitton - Green Bay Packers vs. Tennessee Titans (23/12/2012),Josh Sitton,Green Bay Packers,Green Bay Packers vs. Tennessee Titans (23/12/2012),23/12/2012,Tennessee Titans,Guard,No,Yes,16,2012/2013,1,0,No,Concussion,87,70 downs,73.64 downs
Nate Solder - New England Patriots vs. Cleveland Browns (8/12/2013),Nate Solder,New England Patriots,New England Patriots vs. Cleveland Browns (8/12/2013),8/12/2013,Cleveland Browns,Offensive Tackle,No,Yes,14,2013/2014,1,0,No,Concussion,87,52 downs,78.83 downs
Tony Jefferson - Arizona Cardinals vs. Philadelphia Eagles (26/10/2014),Tony Jefferson,Arizona Cardinals,Arizona Cardinals vs. Philadelphia Eagles (26/10/2014),26/10/2014,Philadelphia Eagles,Safety,No,Yes,8,2014/2015,1,0,No,Concussion,93,33 downs,64.83 downs
